name,age,email,address
Angela Miller,33,www.AngelaMiller.com,"5305 Lisa Canyon Suite 677
South Christopherville, WA 76378"
Lindsey Hicks,23,www.LindseyHicks.com,"1683 Heather Unions Suite 601
Markview, AR 24599"
Samantha Barron,77,www.SamanthaBarron.com,"21025 Martin Lakes
West Christinaborough, MP 06131"
Scott Alvarez,78,www.ScottAlvarez.com,"226 Janet Heights Suite 385
Lake Calvinstad, ID 17854"
Mary Cervantes,57,www.MaryCervantes.com,"861 Dale Lodge Apt. 232
Collinsmouth, MA 27826"
Thomas Snyder,65,www.ThomasSnyder.com,"11508 Edwards Corners Suite 710
Elizabethstad, OK 93920"
Jonathan Davies,41,www.JonathanDavies.com,"169 Candice Harbor
South Wayne, TX 74887"
Kyle Lang,40,www.KyleLang.com,"98180 Jack Cliffs Apt. 698
Hodgeview, PW 67984"
Joyce Jackson,32,www.JoyceJackson.com,"2969 Parks Stravenue Apt. 145
Michaelbury, NY 77214"
Andrew White,61,www.AndrewWhite.com,"282 Crawford Keys
South Justin, ID 76130"
