id,name
连接标记,连接标记
国际标准书号,国际标准书号
亩用种量,亩用种量
画面风格,画面风格
原著,原著
职能机构,职能机构
色数,色数
所属组合,所属组合
制作地区,制作地区
源头,源头
单球重,单球重
作者生日,作者生日
册/套,册/套
CCD尺寸,CCD尺寸
鉴定编号,鉴定编号
现执教球队,现执教球队
"N.""","N."""
讲述,讲述
物品来源,物品来源
屏幕尺寸,屏幕尺寸
音场解码,音场解码
电脑品牌,电脑品牌
后轮距(mm),后轮距(mm)
建校时间,建校时间
站长,站长
成立时间,成立时间
参观人次,参观人次
款式年份,款式年份
条痕,条痕
上映地区,上映地区
收费模式,收费模式
体裁,体裁
命名者与年代,命名者与年代
传播途径,传播途径
耗材描述,耗材描述
又名,又名
机式类型,机式类型
有线标准,有线标准
门,门
后期,后期
硬盘描述,硬盘描述
装备评分,装备评分
球场位置,球场位置
蓝牙技术,蓝牙技术
单集片长,单集片长
含碳量,含碳量
最高海拔,最高海拔
运行方式,运行方式
释文,释文
中文学名,中文学名
大事,大事
中国分类号,中国分类号
球衣赞助,球衣赞助
环绕立体声,环绕立体声
董事会秘书,董事会秘书
题词,题词
藏地,藏地
国王,国王
成员数,成员数
研制单位,研制单位
主要课程,主要课程
出版社2,出版社2
资费类型,资费类型
NBA选秀,NBA选秀
厂房面积,厂房面积
文号,文号
亲本品种来源,亲本品种来源
设立,设立
译者,译者
规格数据,规格数据
主要职责,主要职责
E—ISSN,E—ISSN
摄像机性能,摄像机性能
折射率,折射率
文物等级,文物等级
协会性质,协会性质
内设机构2,内设机构2
适用区域,适用区域
副会长,副会长
人声处理,人声处理
系统平台,系统平台
行政类型,行政类型
指导单位,指导单位
座位材质,座位材质
姊妹篇,姊妹篇
图书简介,图书简介
储存期,储存期
流量范围,流量范围
文件系统,文件系统
"作者青少年成长必读经典书系编委会""","作者青少年成长必读经典书系编委会"""
工作条件,工作条件
供油方式,供油方式
商品编号,商品编号
网络类型,网络类型
首发网站,首发网站
岩石特征,岩石特征
园林用途,园林用途
完工,完工
投影亮度,投影亮度
所在书库,所在书库
年平均温度,年平均温度
发现,发现
下设部门,下设部门
外型,外型
职责3,职责3
CEO,CEO
出场作品,出场作品
定位,定位
诊疗范围,诊疗范围
冷风功能,冷风功能
总结,总结
到达时间,到达时间
加强的职责,加强的职责
SBN,SBN
人物介绍,人物介绍
开工时间,开工时间
产品标准,产品标准
实施地区,实施地区
栖息地,栖息地
食材2,食材2
菜系及功能,菜系及功能
全文阅读权限,全文阅读权限
兄长,兄长
首任军长,首任军长
车道规模,车道规模
风格类型,风格类型
位于,位于
电机功率,电机功率
燃热类别,燃热类别
法定代表人/负责人,法定代表人/负责人
科拉丁名,科拉丁名
俗姓,俗姓
注册于,注册于
功用,功用
丛书作者,丛书作者
蒴果长,蒴果长
组合人数,组合人数
生长季,生长季
图书用途,图书用途
翻唱者,翻唱者
推广策划,推广策划
主要活动,主要活动
桥型,桥型
夫人,夫人
分辑名,分辑名
内存技术,内存技术
外径D(mm),外径D(mm)
装修情况,装修情况
相对湿度,相对湿度
系中文名,系中文名
依托单位,依托单位
现有,现有
中文简称,中文简称
序言作者,序言作者
适用固件版本,适用固件版本
职业编码,职业编码
古称,古称
代表物种,代表物种
颗粒配置,颗粒配置
变焦倍数,变焦倍数
所属山系,所属山系
次目,次目
排水方式,排水方式
b_type(类别),b_type(类别)
发行数量,发行数量
馆藏数量,馆藏数量
脱水容量,脱水容量
烟机排风量,烟机排风量
卷名,卷名
电源尺寸,电源尺寸
处理器品牌,处理器品牌
内部尺寸,内部尺寸
外线容量,外线容量
英文翻译,英文翻译
侄女,侄女
商品分类,商品分类
噪音,噪音
学校类别,学校类别
命名者及年代,命名者及年代
工艺流程,工艺流程
享誉,享誉
人声录音工程师,人声录音工程师
燃热出水量,燃热出水量
SKF,SKF
跨径,跨径
参战方兵力,参战方兵力
责任编辑,责任编辑
戏剧类型,戏剧类型
管辖国家,管辖国家
硬盘总容量,硬盘总容量
学位级别,学位级别
培育单位,培育单位
整机操作重量,整机操作重量
英文俗名,英文俗名
档位数,档位数
创意,创意
接口,接口
作品进度,作品进度
学术代表作,学术代表作
ASIN,ASIN
艺人,艺人
油耗,油耗
总导演,总导演
教主,教主
装备位置,装备位置
出版项,出版项
操作指南,操作指南
工作,工作
处理结果,处理结果
园舍占地面积,园舍占地面积
文本,文本
坚持,坚持
上市日期(年),上市日期(年)
标准变速箱,标准变速箱
党派,党派
音乐指导,音乐指导
读书对象,读书对象
装频,装频
条码,条码
游戏英文名,游戏英文名
讲座时间,讲座时间
启用日期,启用日期
批准单位,批准单位
注册地,注册地
行政隶属,行政隶属
配音,配音
游戏厂商,游戏厂商
成立日期,成立日期
董事长,董事长
年号,年号
校园面积,校园面积
英文名称,英文名称
起草,起草
企划,企划
口感,口感
净宽,净宽
场上编号,场上编号
产品尺寸,产品尺寸
晶系,晶系
直属,直属
茶叶类别,茶叶类别
命中率,命中率
屏幕色彩,屏幕色彩
制热功率,制热功率
类别,类别
创作,创作
毒药,毒药
支持标准,支持标准
第四章,第四章
观看距离,观看距离
党员人数,党员人数
注释解说,注释解说
中文词,中文词
插口,插口
局党组书记,局党组书记
辅材,辅材
CAS登录号,CAS登录号
缓存容量,缓存容量
轴承内径,轴承内径
钢厂编号,钢厂编号
传输标准,传输标准
歌手性别,歌手性别
曾用刊名,曾用刊名
古籍归类,古籍归类
广泛用于,广泛用于
图书点击数,图书点击数
丛书总主编,丛书总主编
身长,身长
下属机构3,下属机构3
角逐赛事,角逐赛事
机构级别,机构级别
总人气,总人气
额定功率,额定功率
主治,主治
三级缓存,三级缓存
制式,制式
入侵地,入侵地
起草单位,起草单位
图书原价,图书原价
事件主角,事件主角
动态负荷C0,动态负荷C0
字体,字体
简述,简述
指南,指南
创作人,创作人
通话记录,通话记录
所在位置,所在位置
电池组数,电池组数
事件结果,事件结果
库存数量,库存数量
预计售价,预计售价
业务,业务
商品型号,商品型号
所属门派,所属门派
标配内存容量,标配内存容量
软件名称,软件名称
选秀顺位,选秀顺位
适用水压,适用水压
激振力,激振力
综合工况油耗,综合工况油耗
应用介绍,应用介绍
烹制方法,烹制方法
报审单位,报审单位
酱料,酱料
汽缸数,汽缸数
知名人物,知名人物
亚族,亚族
作品语种,作品语种
净化效率,净化效率
交通,交通
生长海拔,生长海拔
附件数量,附件数量
企业文化,企业文化
出版时,出版时
企业理念,企业理念
灯泡寿命,灯泡寿命
全书页数,全书页数
下载地址,下载地址
笛子演奏,笛子演奏
简写,简写
OD外径,OD外径
教育部认证,教育部认证
性能描述,性能描述
游戏分级,游戏分级
丛书号,丛书号
植株,植株
座位数,座位数
底径长度,底径长度
习性,习性
支持盘体尺寸,支持盘体尺寸
应用范围,应用范围
宣传推广,宣传推广
代表专辑,代表专辑
音箱类型,音箱类型
2.5英寸仓位,2.5英寸仓位
释名,释名
专业特点,专业特点
性成熟期,性成熟期
液体温度,液体温度
户型面积,户型面积
主持,主持
功率范围,功率范围
藏品出土所在文化层,藏品出土所在文化层
就职单位,就职单位
用于,用于
资费提示,资费提示
应用类型,应用类型
部门类别,部门类别
收录时间,收录时间
文章,文章
赛事级别,赛事级别
创办,创办
设有,设有
首席技术官,首席技术官
舰长,舰长
场地容纳人数,场地容纳人数
亲属,亲属
电源参数,电源参数
授课老师,授课老师
燃料,燃料
免职时间,免职时间
现任所长,现任所长
主唱,主唱
任命时间,任命时间
体型,体型
作品状态,作品状态
版次,版次
组建时间,组建时间
摘要,摘要
县市,县市
ISBN编号,ISBN编号
词体,词体
方针,方针
处级领导职数,处级领导职数
叶色,叶色
制作周期,制作周期
组成,组成
编辑部,编辑部
最大录音数,最大录音数
打印针数范围,打印针数范围
组织门派,组织门派
国家及地区,国家及地区
科室设置,科室设置
始兴年代,始兴年代
登记号,登记号
定    价,定    价
针对人群,针对人群
文字语言,文字语言
遗产级别,遗产级别
"A.""","A."""
入党时间,入党时间
发行,发行
产品分类,产品分类
图表,图表
组队国籍,组队国籍
是否完结,是否完结
车位费,车位费
罕贵程度,罕贵程度
国家标准书号,国家标准书号
收集,收集
千字数,千字数
图像,图像
亮相时间,亮相时间
剧情,剧情
工程造价,工程造价
诗词正文,诗词正文
授权方式,授权方式
数据传输,数据传输
录音室,录音室
视频格式,视频格式
CIP分类,CIP分类
正式发售日,正式发售日
编制单位,编制单位
主要工作职责,主要工作职责
公司宗旨,公司宗旨
代表色,代表色
B(厚度),B(厚度)
扫描范围,扫描范围
边长,边长
板块,板块
企业注册地,企业注册地
提出,提出
适用版本,适用版本
厚度(B),厚度(B)
打印针寿命,打印针寿命
竣工时间,竣工时间
丛书策划,丛书策划
职业生涯,职业生涯
现藏于,现藏于
纸书定价,纸书定价
文语种,文语种
总工程师,总工程师
就职企业,就职企业
平均寻道时间,平均寻道时间
职责,职责
原价,原价
识别号,识别号
最小光圈,最小光圈
第3章,第3章
文件,文件
物理防御,物理防御
打印头寿命,打印头寿命
超极本定位,超极本定位
始于,始于
显卡接口标准,显卡接口标准
产品尺寸及重,产品尺寸及重
统一社会信用代码,统一社会信用代码
加湿量,加湿量
组成部分,组成部分
注册商标,注册商标
门拉丁名,门拉丁名
发射功率,发射功率
发行年,发行年
授予时间,授予时间
人群,人群
瓶高,瓶高
全枪长,全枪长
缩放比例,缩放比例
时间跨度,时间跨度
第二版,第二版
水洗功能,水洗功能
编著,编著
容积率,容积率
水位选择,水位选择
最高打印速度,最高打印速度
定耗电量,定耗电量
封号,封号
供电,供电
固定要求,固定要求
公司愿景,公司愿景
车辆类型,车辆类型
费用,费用
制作方法,制作方法
主体,主体
出版、发行者,出版、发行者
文物历史,文物历史
所在省,所在省
广泛应用,广泛应用
锰Mn,锰Mn
承担,承担
摇头方式,摇头方式
尺寸,尺寸
设立时间,设立时间
经纬度,经纬度
主要职能2,主要职能2
理事长,理事长
和声设计,和声设计
定名者,定名者
游戏特色,游戏特色
进程文件,进程文件
规格型号,规格型号
烹饪技巧,烹饪技巧
PH,PH
尺寸(WxhxD),尺寸(WxhxD)
内存大小,内存大小
发货重量,发货重量
选育者,选育者
CASNO,CASNO
所属区域,所属区域
单瓜重,单瓜重
退役,退役
发表时间,发表时间
可视尺寸,可视尺寸
开园时间,开园时间
书名,书名
调频范围,调频范围
单位所在地,单位所在地
设定时间,设定时间
净含量,净含量
扩展模块,扩展模块
阐述,阐述
创作时间,创作时间
艺术顾问,艺术顾问
地址,地址
整车重量,整车重量
适用年级,适用年级
成像距离,成像距离
印刷时间,印刷时间
唱片销量,唱片销量
有效期,有效期
花冠,花冠
直径,直径
电源设计,电源设计
打印语言,打印语言
需要等级,需要等级
学习光盘,学习光盘
产品类型,产品类型
印刷日期,印刷日期
单位级别,单位级别
质地类型,质地类型
花柱,花柱
售卖价格,售卖价格
配置形式,配置形式
动力类型,动力类型
教材组成,教材组成
本质,本质
ISBN(13位),ISBN(13位)
原料配方,原料配方
额定热负荷,额定热负荷
渲染管线,渲染管线
城邦书号,城邦书号
再版日期,再版日期
来源种,来源种
评论数,评论数
人均价格,人均价格
特色课程,特色课程
办公室主任,办公室主任
基本结构,基本结构
乐器录音,乐器录音
亲人,亲人
手法,手法
惯用,惯用
球场,球场
机关行政编制,机关行政编制
优势,优势
魔法技能,魔法技能
网站口号,网站口号
液晶面板,液晶面板
硕士学位点,硕士学位点
创办人,创办人
研制国家,研制国家
游戏大小,游戏大小
牵头单位,牵头单位
前任,前任
集尘方式,集尘方式
等效,等效
副教授,副教授
责任部门,责任部门
内部机构,内部机构
后台程序,后台程序
游戏作者,游戏作者
语言,语言
系列,系列
液晶屏属性,液晶屏属性
醒酒时间,醒酒时间
游戏目标,游戏目标
灵敏度(dB),灵敏度(dB)
预约功能,预约功能
从编题名,从编题名
原料2,原料2
播种时间,播种时间
海拔,海拔
光泽,光泽
盆高,盆高
申报地区,申报地区
类別,类別
地位,地位
改编自,改编自
家人,家人
生存年代,生存年代
应用行业,应用行业
加速,加速
扣球高度,扣球高度
主要作者,主要作者
是否含防腐剂,是否含防腐剂
扫描模式,扫描模式
版次1,版次1
机关隶属,机关隶属
博士后流动站,博士后流动站
协会口号,协会口号
策划人,策划人
就业前景,就业前景
主要演员,主要演员
游览次数,游览次数
生于,生于
发行专辑,发行专辑
细分类别,细分类别
壁厚,壁厚
标签,标签
游戏时长,游戏时长
作者字号,作者字号
点击次数,点击次数
公司类别,公司类别
编制,编制
所属机构,所属机构
组织形式,组织形式
现任馆长,现任馆长
CPU二级缓存,CPU二级缓存
最大帧数,最大帧数
配方,配方
灌装量,灌装量
编辑者,编辑者
芯片型号,芯片型号
销售量,销售量
荣誉,荣誉
法定代表,法定代表
列车类型,列车类型
增加的职责,增加的职责
控制类型,控制类型
加盟时间,加盟时间
作词者,作词者
最高点海拔,最高点海拔
道具重量,道具重量
烹饪方法,烹饪方法
物种类型,物种类型
辖区,辖区
熔点,熔点
股东,股东
d内径,d内径
组合方式,组合方式
干支纪年,干支纪年
球员位置,球员位置
卡片容量,卡片容量
容错方式,容错方式
城区,城区
开发制作,开发制作
饰演者,饰演者
层次,层次
悬挂方式,悬挂方式
外公,外公
过滤方式,过滤方式
门票价格,门票价格
千粒重,千粒重
黑木耳,黑木耳
书体与行款,书体与行款
最新更新时间,最新更新时间
最大扭矩,最大扭矩
纸张厚度,纸张厚度
供电模式,供电模式
中国教育部是否认证,中国教育部是否认证
插画师,插画师
并发连接数,并发连接数
声优,声优
收录于,收录于
属,属
最佳享用期,最佳享用期
采集信息,采集信息
文种,文种
下属机构2,下属机构2
轴承代号,轴承代号
站口数量,站口数量
菜品特点,菜品特点
体系管理,体系管理
运行时间,运行时间
配置要求,配置要求
其他功能,其他功能
孙女,孙女
是否出版,是否出版
长宽高,长宽高
区别,区别
最大纸张尺寸,最大纸张尺寸
主要职能3,主要职能3
额定压力,额定压力
涉及人物,涉及人物
生产地,生产地
学校占地,学校占地
部位,部位
鼠标类型,鼠标类型
发证机构,发证机构
母带,母带
冷冻能力,冷冻能力
规格单位,规格单位
推广发行,推广发行
计量单位,计量单位
品种种类,品种种类
推出,推出
改编,改编
事迹,事迹
机构职责2,机构职责2
虚拟化技术,虚拟化技术
轴距,轴距
作品别名,作品别名
保修,保修
组拉丁名,组拉丁名
功效(1),功效(1)
机构地址,机构地址
书籍分类,书籍分类
工作电源,工作电源
出版信息,出版信息
声卡类别,声卡类别
序言,序言
摄影师,摄影师
黄豆,黄豆
轮胎规格,轮胎规格
刃宽,刃宽
国外发行代号,国外发行代号
蓝牙通信,蓝牙通信
首播平台,首播平台
UPS类型,UPS类型
领导成员,领导成员
概念,概念
印版次,印版次
策划出品,策划出品
展厅面积,展厅面积
商品毛重,商品毛重
标识号CN,标识号CN
职责2,职责2
关服日期,关服日期
规则,规则
所属省份,所属省份
支持容量,支持容量
驻站时间,驻站时间
中文语种,中文语种
蓝牙规格,蓝牙规格
征编,征编
人种,人种
蜂蜜,蜂蜜
第一编,第一编
师侄,师侄
上翻盖,上翻盖
机关地址,机关地址
镜头用途,镜头用途
黑白响应时间,黑白响应时间
主要人员,主要人员
服务项目,服务项目
工作功耗,工作功耗
目英文名,目英文名
人体工学,人体工学
cn,cn
曾效力团队,曾效力团队
审批单位,审批单位
生长区域,生长区域
适合职业,适合职业
校对,校对
适用系统,适用系统
核心理念,核心理念
标准编号,标准编号
执行院长,执行院长
封面题字,封面题字
网络制式,网络制式
压力范围,压力范围
栽培习性,栽培习性
强势专业,强势专业
业务主管单位,业务主管单位
欧洲三大杯,欧洲三大杯
带盖厚度,带盖厚度
室内机质量,室内机质量
译述,译述
改編,改編
ISSN,ISSN
依据,依据
经销公司,经销公司
在岗,在岗
模拟器,模拟器
烹饪方式,烹饪方式
现效力俱乐部,现效力俱乐部
外形特征,外形特征
母带处理工程师,母带处理工程师
辑校,辑校
总部,总部
取材,取材
公历,公历
天窗,天窗
面向群体,面向群体
在岗干部职工,在岗干部职工
WAP浏览器,WAP浏览器
上篇,上篇
领队,领队
员工数量,员工数量
所长,所长
生产国,生产国
电源线长,电源线长
输出,输出
下宽,下宽
英文名,英文名
读者,读者
时速,时速
所属线路,所属线路
交通状况,交通状况
生态习性,生态习性
介质宽度,介质宽度
包括,包括
长度,长度
大洲,大洲
千字,千字
研发时间,研发时间
申报单位,申报单位
等速油耗,等速油耗
外壳材料,外壳材料
后置,后置
目的,目的
现在,现在
筹建单位,筹建单位
手机品牌,手机品牌
心上人,心上人
动力来源,动力来源
联系电话,联系电话
实物状态,实物状态
工作温度(°C),工作温度(°C)
电话备注,电话备注
注册资金,注册资金
丛书品牌,丛书品牌
卡种,卡种
通道数,通道数
拉丁名,拉丁名
课程,课程
精装,精装
轴承名称,轴承名称
后人,后人
制造处,制造处
画家,画家
音箱数量,音箱数量
载体容量,载体容量
始创于,始创于
规格简述,规格简述
指取设备,指取设备
现有干部职工,现有干部职工
预约方式,预约方式
中国植物志,中国植物志
FM性能,FM性能
应用大小,应用大小
图书编辑,图书编辑
形成,形成
服务范围,服务范围
副主任,副主任
芯片代号,芯片代号
语种,语种
男女主角,男女主角
纸箱容量,纸箱容量
额定动载荷,额定动载荷
曲词,曲词
燃油类型,燃油类型
支持CPU数,支持CPU数
婚姻状况,婚姻状况
学校人数,学校人数
导航,导航
组模式种,组模式种
知名教师,知名教师
后期混音,后期混音
净重,净重
极端均高温,极端均高温
最大打印幅,最大打印幅
秒伤,秒伤
起草人,起草人
审定号,审定号
灰度等级,灰度等级
用法,用法
核心价值观,核心价值观
线材功能,线材功能
从业人员,从业人员
轴向静态负荷,轴向静态负荷
所在地区,所在地区
灭绝时间,灭绝时间
曾效力运动队,曾效力运动队
组合名称,组合名称
版号,版号
数据传输率,数据传输率
湿度范围,湿度范围
瞳色,瞳色
承办,承办
"标准国际标准 ""","标准国际标准 """
电视类型,电视类型
内径dmm,内径dmm
背光灯寿命,背光灯寿命
绘图仪类型,绘图仪类型
作序,作序
伤害,伤害
汽车品牌,汽车品牌
推荐用途,推荐用途
鼓手,鼓手
清洁方式,清洁方式
学习对象,学习对象
压缩比,压缩比
气缸数(个),气缸数(个)
常见病因,常见病因
文件格式,文件格式
党组书记局长,党组书记局长
所属种类,所属种类
投用日期,投用日期
初名,初名
商品尺寸重量,商品尺寸重量
总人口,总人口
著作人,著作人
演唱人,演唱人
所在地址,所在地址
装备品级,装备品级
成立单位,成立单位
出生时间,出生时间
词曲,词曲
作者原名,作者原名
混缩,混缩
后期缩混,后期缩混
安全锁,安全锁
质量,质量
背光,背光
硬盘尺寸,硬盘尺寸
索引号,索引号
游戏格式,游戏格式
车身长度,车身长度
产品编号,产品编号
生均建筑面积,生均建筑面积
所属学科,所属学科
第一张专辑,第一张专辑
室外机尺寸,室外机尺寸
款型2013排量,款型2013排量
按键行程,按键行程
高职专业,高职专业
录音师,录音师
附件,附件
副题,副题
萃取方法,萃取方法
讲述内容,讲述内容
写作时间,写作时间
职业要求,职业要求
桥长,桥长
中国特有,中国特有
内设机构数量,内设机构数量
产品天线,产品天线
药材,药材
危险性符号,危险性符号
播出频道,播出频道
历史大事,历史大事
防御,防御
规格,规格
馆藏目录,馆藏目录
推进,推进
电机级数,电机级数
静态负荷,静态负荷
常见错误,常见错误
体型特征,体型特征
中国分布,中国分布
天敌,天敌
公司名称,公司名称
屏幕大小,屏幕大小
单位职能,单位职能
外圈,外圈
适合专业,适合专业
交房时间,交房时间
产品规格,产品规格
索引字母,索引字母
资费信息,资费信息
中国教图刊号,中国教图刊号
资源编号,资源编号
采集,采集
工作噪音,工作噪音
游戏发行,游戏发行
VLAN支持,VLAN支持
第三篇,第三篇
主要危害作物,主要危害作物
显存周期,显存周期
出版期间,出版期间
书号,书号
起止站点,起止站点
歌曲演唱,歌曲演唱
梁山职司,梁山职司
防磁功能,防磁功能
幕尺寸,幕尺寸
出版源,出版源
Fw,Fw
质保时间,质保时间
寄生宿主,寄生宿主
适用国家,适用国家
所在省份,所在省份
编写者,编写者
穗长,穗长
组织编制,组织编制
车位信息,车位信息
位置,位置
刊印时间,刊印时间
拼音,拼音
操作工具,操作工具
风味特点,风味特点
工期,工期
编丛书名,编丛书名
前端总线,前端总线
绘著,绘著
建议,建议
输出电压,输出电压
商品简介,商品简介
思路,思路
审听,审听
注解,注解
成果,成果
参考价格,参考价格
风扇噪音,风扇噪音
型号别称,型号别称
总监制,总监制
版本需求,版本需求
形象,形象
所属属种,所属属种
状态指示灯,状态指示灯
音乐类型,音乐类型
部门,部门
笔记本包类型,笔记本包类型
音箱材质,音箱材质
朗读人,朗读人
应用对象,应用对象
陈列展览,陈列展览
法定代表人,法定代表人
汽车类型,汽车类型
导读,导读
现任教练,现任教练
分布,分布
路由器类型,路由器类型
制作国家/地区,制作国家/地区
数码变焦倍数,数码变焦倍数
曾效力,曾效力
可用赛制,可用赛制
生命,生命
支持VPN,支持VPN
鸡腿肉,鸡腿肉
中药名称,中药名称
二名法,二名法
开馆日期,开馆日期
地震震级,地震震级
多媒体娱乐,多媒体娱乐
效果,效果
支持运营商,支持运营商
输出盒容量,输出盒容量
市场价,市场价
植物类型,植物类型
经营单位,经营单位
扩展插槽,扩展插槽
配唱,配唱
英文植物志,英文植物志
人气,人气
机构数目,机构数目
博物馆级别,博物馆级别
读者印象,读者印象
公公,公公
面向,面向
抗拉强度,抗拉强度
志号,志号
职能处室,职能处室
横跨,横跨
解说词,解说词
酒庄,酒庄
出版次数,出版次数
车长,车长
印数,印数
出品发行,出品发行
电脑类别,电脑类别
定型时间,定型时间
垂直视角,垂直视角
校训,校训
食谱辅料,食谱辅料
厂家,厂家
编校,编校
主讲专家,主讲专家
摄影者,摄影者
出版地点,出版地点
科室级别,科室级别
开始研制,开始研制
版数,版数
适合于,适合于
目,目
机构规格,机构规格
品种特征,品种特征
散热片材质,散热片材质
热水产率,热水产率
如何操作,如何操作
图书系列,图书系列
理论待机时间,理论待机时间
极速,极速
菜品功效,菜品功效
其他描述,其他描述
方位,方位
出土所在文化层,出土所在文化层
设备特点,设备特点
建议年龄,建议年龄
制作时长,制作时长
语言种类,语言种类
种质外文名,种质外文名
公司位置,公司位置
标配功能,标配功能
详细内容,详细内容
退位年月,退位年月
亮度,亮度
海岸线,海岸线
公司口号,公司口号
操作,操作
游戏专题,游戏专题
执业证号,执业证号
系列名,系列名
装本,装本
应用包名,应用包名
专业要求,专业要求
机关党委,机关党委
制法,制法
经营性质,经营性质
纸张容量,纸张容量
产品型号,产品型号
申请日期,申请日期
额定制热功率,额定制热功率
创办地点,创办地点
电池容量,电池容量
国际分类,国际分类
印发机关,印发机关
Legacy,Legacy
手游平台,手游平台
游戏资费,游戏资费
一级分类,一级分类
周期,周期
具体,具体
菜谱口味,菜谱口味
外径(D),外径(D)
处理器型号I,处理器型号I
锻造,锻造
预选台数,预选台数
酱油,酱油
首都,首都
出版年份,出版年份
出自剧目,出自剧目
应用平台,应用平台
播放格式,播放格式
门英文名,门英文名
食材明细,食材明细
业务主管,业务主管
加速时间,加速时间
打印机类型,打印机类型
加热功率,加热功率
会员价,会员价
通话时间,通话时间
弹径,弹径
插图者,插图者
作曲/作词/指挥,作曲/作词/指挥
技巧,技巧
程序大小,程序大小
销售信息,销售信息
三围,三围
食材1,食材1
绘画者,绘画者
ISBN(10位),ISBN(10位)
造型,造型
成熟时间,成熟时间
描述,描述
海拔上限,海拔上限
处理器速度,处理器速度
d,d
视野率,视野率
首任所长,首任所长
归口单位,归口单位
输出扭矩,输出扭矩
建筑结构,建筑结构
部门分类,部门分类
到站时间,到站时间
思想,思想
亚种分化,亚种分化
型号类别,型号类别
专题,专题
作者生于,作者生于
物业类型,物业类型
成品特点,成品特点
版权拥有者,版权拥有者
环线位置,环线位置
官品,官品
第一部分,第一部分
审图号,审图号
设计速度,设计速度
性状,性状
创造者,创造者
歌曲数量,歌曲数量
魔法攻击,魔法攻击
游戏背景,游戏背景
版社,版社
印刷次数,印刷次数
产品长度,产品长度
主屏色彩,主屏色彩
芯片厂方,芯片厂方
粤语版,粤语版
血型,血型
栽培及酿造技术,栽培及酿造技术
死敌,死敌
作品字数,作品字数
职能,职能
硬盘大小,硬盘大小
师尊,师尊
要点,要点
选秀情况,选秀情况
职能介绍,职能介绍
品种权(申请)人,品种权(申请)人
搭档,搭档
艺人统筹,艺人统筹
车身宽度,车身宽度
机箱颜色,机箱颜色
体高,体高
内容主题,内容主题
官方油耗,官方油耗
医院性质,医院性质
获奖信息,获奖信息
报价,报价
贴士,贴士
展馆面积,展馆面积
调节方式,调节方式
r(最小),r(最小)
小说子类,小说子类
本组模式种,本组模式种
策划指导,策划指导
文物宽度,文物宽度
采用技术,采用技术
使用时间,使用时间
祖先,祖先
价格,价格
交流输入,交流输入
别名,别名
轨迹标准字号,轨迹标准字号
编撰时间,编撰时间
著(译)者,著(译)者
单曲数量,单曲数量
出刊频率,出刊频率
操作方式,操作方式
目前状态,目前状态
宗教信仰,宗教信仰
藏品数,藏品数
工作动态,工作动态
丛书顾问,丛书顾问
第二部,第二部
上市地,上市地
机构属性,机构属性
主属性,主属性
总顾问,总顾问
联赛级别,联赛级别
标准分辨率,标准分辨率
院校代码,院校代码
下级,下级
收发器类型,收发器类型
词牌名,词牌名
安装位置,安装位置
软件大小,软件大小
固定资产,固定资产
职能调整,职能调整
穗粒数,穗粒数
发现年代,发现年代
版次/印次,版次/印次
词条数,词条数
引擎类型,引擎类型
发行经销商,发行经销商
键盘布局,键盘布局
应用系统,应用系统
第五章,第五章
喜欢,喜欢
出版物类别,出版物类别
混音助理,混音助理
线缆,线缆
主讲/解说,主讲/解说
通车时间,通车时间
许可证号,许可证号
设立地点,设立地点
水箱容量,水箱容量
回目,回目
日本事务所,日本事务所
牌号,牌号
产品重量,产品重量
商务场景应用,商务场景应用
枪重,枪重
车身长,车身长
主委,主委
室内机重量,室内机重量
英文描述,英文描述
著丛书名,著丛书名
读者对,读者对
球队主场,球队主场
兄弟,兄弟
说明,说明
亚属,亚属
静态对比度,静态对比度
组织编写,组织编写
审批编号,审批编号
公司使命,公司使命
词曲作者,词曲作者
Cor,Cor
证书类型,证书类型
采集地,采集地
运行内存,运行内存
用户界面,用户界面
藏品现状,藏品现状
藏品登记号,藏品登记号
运算位数,运算位数
演出地点,演出地点
命名者时间,命名者时间
cip数据核字,cip数据核字
ROM作者,ROM作者
场上位置,场上位置
计划工期,计划工期
注译,注译
监棚,监棚
奔腾双核,奔腾双核
面向对象,面向对象
英雄,英雄
活动地点,活动地点
室内机尺寸,室内机尺寸
国际代号,国际代号
医院地址,医院地址
网站,网站
全套,全套
个人荣誉,个人荣誉
主要价值,主要价值
效用,效用
外形颜色,外形颜色
适用学科,适用学科
游戏操作,游戏操作
杯高,杯高
企业类型,企业类型
旗下艺人,旗下艺人
体现,体现
单位职责,单位职责
篇章,篇章
起因,起因
阶级,阶级
协办单位,协办单位
弹匣容量,弹匣容量
逐行扫描,逐行扫描
发行人,发行人
建成时间,建成时间
行政职能,行政职能
主要用于,主要用于
硕士点,硕士点
适读年龄,适读年龄
中国标准分类号,中国标准分类号
海拨上限,海拨上限
品种来源,品种来源
首次登场,首次登场
基本完整,基本完整
资费,资费
物品ID,物品ID
分享类型,分享类型
无线功能,无线功能
总阅读数,总阅读数
游戏译名,游戏译名
流行地区,流行地区
游戏现价,游戏现价
现存,现存
最高工作高度,最高工作高度
分辨率(像素),分辨率(像素)
重要项目,重要项目
适用屏幕,适用屏幕
OP/SP,OP/SP
藏馆精品,藏馆精品
液晶屏特性,液晶屏特性
作者笔名,作者笔名
扩展容量,扩展容量
来源,来源
装备分类,装备分类
修订,修订
风土条件,风土条件
在职职工人数,在职职工人数
存储卡类型,存储卡类型
企业状态,企业状态
风味,风味
现任队长,现任队长
使用角色,使用角色
平均年龄,平均年龄
主要结构,主要结构
建国时间,建国时间
工作环境,工作环境
职责调整2,职责调整2
重要事件,重要事件
制作协力,制作协力
光盘规格,光盘规格
绿化面积,绿化面积
传输范围,传输范围
小说关键字,小说关键字
佳句,佳句
实施,实施
主要嘉宾,主要嘉宾
完整度,完整度
工信部综合油耗,工信部综合油耗
合作人,合作人
单机分类,单机分类
授权价格,授权价格
电话,电话
实收资本,实收资本
办学成果,办学成果
软件格式,软件格式
主要指挥官,主要指挥官
普通按键数,普通按键数
热插拔,热插拔
卡牌类别,卡牌类别
成型块数,成型块数
屏幕对比度,屏幕对比度
除湿量,除湿量
评估依据,评估依据
同义学名,同义学名
年降水量,年降水量
柄长,柄长
晶体管数量,晶体管数量
数字变焦倍数,数字变焦倍数
合作者,合作者
实施时间,实施时间
经营项目,经营项目
相关名词,相关名词
最大幅面,最大幅面
节数,节数
步骤,步骤
现居,现居
制片人,制片人
流处理单元,流处理单元
结构型式,结构型式
产品种类,产品种类
接收制式,接收制式
振动频率,振动频率
图形菜单,图形菜单
豆瓣评分,豆瓣评分
揭牌时间,揭牌时间
掌门人,掌门人
歌曲类型,歌曲类型
动力,动力
上手度,上手度
数字变焦,数字变焦
员工数,员工数
经验范围,经验范围
参赛项目,参赛项目
所获荣誉,所获荣誉
主要部件,主要部件
副摄像头像素,副摄像头像素
复审确认日期,复审确认日期
生长适温,生长适温
诗文字数,诗文字数
触摸屏支持,触摸屏支持
公司地点,公司地点
消耗功率,消耗功率
翅长,翅长
染色体数,染色体数
事件时间,事件时间
厚度B(mm),厚度B(mm)
建设宗旨,建设宗旨
情节,情节
始建于,始建于
推荐等级,推荐等级
教职员工,教职员工
文件类型,文件类型
茎高,茎高
建立,建立
诗人,诗人
水生陆生,水生陆生
作者国别,作者国别
亚科,亚科
总占地,总占地
补充,补充
标准风压,标准风压
发布组织,发布组织
主要宗教,主要宗教
质保备注,质保备注
药用价值,药用价值
电池类型,电池类型
系统进程,系统进程
角度,角度
超静音,超静音
丛书册数,丛书册数
材料1,材料1
启动时间,启动时间
软件标签,软件标签
课型,课型
安装类型,安装类型
异名,异名
选(引)育单位,选(引)育单位
其它介绍,其它介绍
时间成立,时间成立
发布部门,发布部门
品种特性,品种特性
属种,属种
模式,模式
国际濒危等级,国际濒危等级
坐落,坐落
科属分类,科属分类
联赛,联赛
推出时间,推出时间
根据,根据
光盘数,光盘数
介质类型,介质类型
代替标准,代替标准
主要专业,主要专业
中图法分类号,中图法分类号
刷新频率,刷新频率
成书时间,成书时间
安装方式,安装方式
生活环境,生活环境
总重,总重
产区,产区
丛书主编,丛书主编
网络标准,网络标准
标题,标题
兼容设备,兼容设备
点击数,点击数
外径Dmm,外径Dmm
出版发行地,出版发行地
厂家指导价,厂家指导价
分辨率像素,分辨率像素
保密等级,保密等级
IMDB评分,IMDB评分
盘片数,盘片数
数据接口,数据接口
文献类型,文献类型
主要成就,主要成就
发售地区,发售地区
外观特征,外观特征
最大震级,最大震级
出版时间,出版时间
机构职责,机构职责
公测时间,公测时间
bookId号,bookId号
教职工,教职工
声道,声道
中国纪年,中国纪年
出版年代,出版年代
摄影,摄影
印式,印式
薪资行情,薪资行情
通讯接口,通讯接口
产品标识,产品标识
版权提供,版权提供
总章节数,总章节数
公司性质,公司性质
经过,经过
旗下产品,旗下产品
手托,手托
亚界,亚界
评点,评点
歌曲内容,歌曲内容
花纹,花纹
手机样式,手机样式
施放速度,施放速度
成虫体长,成虫体长
名称由来,名称由来
本属,本属
危险性描述,危险性描述
LINK,LINK
正书名,正书名
预售价格,预售价格
对应主机,对应主机
建制,建制
设计者,设计者
顺序,顺序
切入点,切入点
再版时间,再版时间
适用于Android,适用于Android
腹宽,腹宽
译名,译名
预约,预约
车型简介,车型简介
防守力,防守力
生态环境,生态环境
协助出版,协助出版
USB,USB
频率响应,频率响应
图书类型,图书类型
全书字数,全书字数
吉他/贝斯,吉他/贝斯
撰文,撰文
药品类型,药品类型
事件2,事件2
种别名,种别名
最大马力,最大马力
手机颜色,手机颜色
部下,部下
标准南桥,标准南桥
事件一,事件一
CPU类型,CPU类型
科号科名,科号科名
直属部门,直属部门
舞美设计,舞美设计
载体类型,载体类型
电话区号,电话区号
型种,型种
平均单果重,平均单果重
主要职责1,主要职责1
病毒中文名,病毒中文名
主人,主人
印次/版次,印次/版次
专职研究人员,专职研究人员
菜式,菜式
游戏开发商,游戏开发商
标准号,标准号
所属类别,所属类别
果重,果重
技术要点,技术要点
作品年代,作品年代
第一版,第一版
坐落在,坐落在
图像性能,图像性能
硬件环境,硬件环境
总共字数,总共字数
添加时间,添加时间
主管部门,主管部门
闪光灯类型,闪光灯类型
促进,促进
功法,功法
院士,院士
车身颜色,车身颜色
上传日期,上传日期
第5章,第5章
编选者,编选者
接口介质,接口介质
塔高,塔高
参编,参编
电源电压,电源电压
特有,特有
摄影监督,摄影监督
适应人群,适应人群
生殖方式,生殖方式
面向人群,面向人群
分布区域,分布区域
录音工程师,录音工程师
果实,果实
发售日,发售日
腹深,腹深
Ph值,Ph值
制作商,制作商
副题名,副题名
附带,附带
农历,农历
内存总容量,内存总容量
内容包括,内容包括
河道全长,河道全长
材料3,材料3
估价,估价
演奏者,演奏者
生育日数,生育日数
按键数,按键数
应用名称,应用名称
批准,批准
外观,外观
月打印负荷,月打印负荷
车门数(个),车门数(个)
制作工艺,制作工艺
体积重量,体积重量
校勘,校勘
球队服役时间,球队服役时间
审定省份,审定省份
介质尺寸,介质尺寸
贯彻,贯彻
输入电流,输入电流
续航,续航
主场,主场
力学性能,力学性能
热流量右,热流量右
[介质],[介质]
备注,备注
地震等级,地震等级
创立人,创立人
编译者,编译者
游戏制作,游戏制作
驻地,驻地
卷册数,卷册数
键盘类型,键盘类型
名誉院长,名誉院长
产品概述,产品概述
母带制作,母带制作
可碎介质,可碎介质
出生年月,出生年月
"M.""","M."""
年平均降水量,年平均降水量
布线工程,布线工程
原作者,原作者
所属文库,所属文库
评价,评价
基于,基于
日照量,日照量
研究拟定,研究拟定
视角,视角
合作艺人,合作艺人
分类系统,分类系统
ISBN2,ISBN2
所属州省,所属州省
校点,校点
办学宗旨,办学宗旨
育成年份,育成年份
观赏分类,观赏分类
用户数限制,用户数限制
数据传输接口,数据传输接口
乐队成员,乐队成员
果皮,果皮
所属博物馆,所属博物馆
师生比例,师生比例
字数(千字),字数(千字)
职业规划,职业规划
稳定性,稳定性
适用行业,适用行业
腹围,腹围
级别类型,级别类型
要求,要求
图书品相,图书品相
附加类型,附加类型
核定事业编制,核定事业编制
装贴,装贴
国际标准ISBN,国际标准ISBN
编审,编审
种名,种名
磁头数量,磁头数量
国际标注书号ISBN,国际标注书号ISBN
包册,包册
内设,内设
音乐厂牌,音乐厂牌
改名时间,改名时间
绘画形式,绘画形式
办学性质,办学性质
网络连载平台,网络连载平台
工作范围,工作范围
语音,语音
内设部门,内设部门
所属时代,所属时代
图书书号,图书书号
历时,历时
版本号,版本号
收藏于,收藏于
总纲,总纲
重要,重要
证书,证书
编辑剪辑,编辑剪辑
母质,母质
CPI核字号,CPI核字号
菜品口味,菜品口味
种下等级,种下等级
寿命,寿命
显示系统,显示系统
所属类型,所属类型
功能特性,功能特性
原文,原文
循环风量,循环风量
园舍面积,园舍面积
出刊时间,出刊时间
发生地点,发生地点
音箱重量,音箱重量
键盘按键数,键盘按键数
最高官职,最高官职
活动,活动
输入频率范围,输入频率范围
图书品种,图书品种
办学理念,办学理念
再版,再版
简体中文,简体中文
用处,用处
作者代表作,作者代表作
耐力,耐力
副屏参数,副屏参数
游戏名,游戏名
画作类型,画作类型
耗材类型,耗材类型
气候带,气候带
历史原型,历史原型
事件二,事件二
作者出生时间,作者出生时间
爱好,爱好
维护,维护
电机输入功率,电机输入功率
残高,残高
辖区面积,辖区面积
首发日期,首发日期
父母,父母
图书品牌,图书品牌
Mass重量,Mass重量
连续复印页数,连续复印页数
推动,推动
发行范围,发行范围
游戏功能,游戏功能
分量,分量
关联项目及编号,关联项目及编号
副标题,副标题
跨越河流,跨越河流
撰稿,撰稿
下属事业单位,下属事业单位
连接类型,连接类型
出土年份,出土年份
难易,难易
配套,配套
手机网络,手机网络
主营范围,主营范围
径向,径向
音频格式,音频格式
收藏馆,收藏馆
演出成员,演出成员
版期,版期
内/外置,内/外置
版次印次,版次印次
额定频率,额定频率
测试精度,测试精度
指纹容量,指纹容量
副书名,副书名
干部,干部
厂商指导价,厂商指导价
团长,团长
幕布类型,幕布类型
压力等级,压力等级
电路数,电路数
机型号,机型号
架子鼓,架子鼓
编曲,编曲
妹妹,妹妹
昵称,昵称
贝斯手,贝斯手
导演,导演
桥宽,桥宽
同类图书,同类图书
书页,书页
整理时间,整理时间
审(鉴)定情况,审(鉴)定情况
守备力,守备力
出版年月,出版年月
英文别名,英文别名
功能应用,功能应用
1st播放期间,1st播放期间
启动水压,启动水压
角色原案,角色原案
适用类型,适用类型
其他题名,其他题名
台币,台币
校区,校区
晚号,晚号
测试状态,测试状态
唱片数,唱片数
适宜区域,适宜区域
播放期间,播放期间
西医学名,西医学名
出版基金,出版基金
预热时间,预热时间
CL延迟,CL延迟
产品口径,产品口径
英文版,英文版
总印张,总印张
外频,外频
资源类型,资源类型
DTSES环绕,DTSES环绕
图片浏览格式,图片浏览格式
发行号,发行号
SIM卡,SIM卡
法令排号,法令排号
安全等级,安全等级
更新时间,更新时间
定名时间,定名时间
编订,编订
制作年代,制作年代
数据业务,数据业务
成品尺寸,成品尺寸
编绘,编绘
现价,现价
所属种族,所属种族
期刊名称,期刊名称
限制,限制
品种编号,品种编号
工勤人员编制,工勤人员编制
横径,横径
轴向,轴向
直径x长度,直径x长度
主编部门,主编部门
产地生境,产地生境
控制,控制
首次发表,首次发表
英文书名,英文书名
现任主任,现任主任
验证方式,验证方式
纯度,纯度
推出年款,推出年款
出品/发行,出品/发行
指导价格,指导价格
制作公司,制作公司
内容标签,内容标签
关键特性,关键特性
型号名称,型号名称
代替国标号,代替国标号
地理标志,地理标志
处理器描述,处理器描述
专辑语种,专辑语种
词作者,词作者
编写依据,编写依据
品牌,品牌
年平均气温,年平均气温
纵长,纵长
待机功耗,待机功耗
并列正题名,并列正题名
总里程,总里程
开设课程,开设课程
阳光消耗,阳光消耗
运动,运动
面板尺寸,面板尺寸
MV制作,MV制作
游戏昨级,游戏昨级
颗粒封装,颗粒封装
护甲值,护甲值
烤盘直径,烤盘直径
图书分类,图书分类
健康提示,健康提示
系列号,系列号
径向静态负荷,径向静态负荷
面积,面积
图像分辨率,图像分辨率
装备类别,装备类别
鼠标颜色,鼠标颜色
单位性质,单位性质
职业名称,职业名称
队服号码,队服号码
邮编,邮编
生产单位,生产单位
医院名称,医院名称
节日意义,节日意义
基本配置,基本配置
本书书号,本书书号
引用典故,引用典故
擅长工艺,擅长工艺
红椒,红椒
产品优点,产品优点
>重量,>重量
烘焙时间,烘焙时间
备案号,备案号
作者其他作品,作者其他作品
栏目,栏目
项目位置,项目位置
办公地点,办公地点
内核电压,内核电压
支持版本,支持版本
单位全称,单位全称
外貌,外貌
开学时间,开学时间
直属机构,直属机构
操作攻略,操作攻略
档速,档速
广泛应用于,广泛应用于
著名景点,著名景点
专辑曲目,专辑曲目
词,词
主办机构,主办机构
活动时间,活动时间
著作,著作
知己,知己
编注,编注
使用限制,使用限制
所属地,所属地
作品性质,作品性质
作物名称,作物名称
尺寸规格,尺寸规格
支持平台,支持平台
配偶,配偶
中文书名,中文书名
CAS,CAS
GPS类型,GPS类型
身高,身高
标识,标识
前轮距(mm),前轮距(mm)
视频尺寸,视频尺寸
办学特色,办学特色
开发工具,开发工具
土种编号,土种编号
教职工数,教职工数
英文缩写,英文缩写
职能股(室),职能股(室)
书本章节,书本章节
首演成员,首演成员
领高,领高
定时范围,定时范围
参加赛事,参加赛事
COST,COST
物种数量,物种数量
出版、发行,出版、发行
胶卷倒片,胶卷倒片
市场报价,市场报价
学校官方主页,学校官方主页
科属,科属
区域板块,区域板块
领域,领域
所在州或郡,所在州或郡
发动机功率,发动机功率
总线速度,总线速度
其他电视台,其他电视台
图鉴编号,图鉴编号
办公时间,办公时间
最大射程,最大射程
设计时间,设计时间
品种权人,品种权人
口沿直径,口沿直径
曾效力俱乐部,曾效力俱乐部
墨水颜色,墨水颜色
双聘院士,双聘院士
下载,下载
教学面积,教学面积
创办时间,创办时间
版本说明,版本说明
机构设置2,机构设置2
校著,校著
核心厂商,核心厂商
图书编码,图书编码
本科专业,本科专业
适宜种植区域,适宜种植区域
[作者],[作者]
服务领域,服务领域
烹制,烹制
变数箱,变数箱
流派,流派
名称,名称
出场地点,出场地点
宣发,宣发
介绍内容,介绍内容
输入电压,输入电压
点距,点距
价值,价值
现任厅长,现任厅长
屏幕技术,屏幕技术
创建者,创建者
现有人员,现有人员
装备品质,装备品质
空调匹数,空调匹数
册数,册数
学名,学名
党籍,党籍
保存单位,保存单位
适用群体,适用群体
时代背景,时代背景
EINECS号,EINECS号
标称频率,标称频率
产品套装,产品套装
洗衣机类型,洗衣机类型
核心能力,核心能力
有效射程,有效射程
吉他,吉他
收录范围,收录范围
人物关系,人物关系
难度,难度
研究特色,研究特色
表达感情,表达感情
审定(登记)单位,审定(登记)单位
代表作,代表作
同义学名4,同义学名4
综合油耗,综合油耗
作者姓名,作者姓名
物品等级,物品等级
摆放方式,摆放方式
初版时间,初版时间
主力户型,主力户型
售价区间,售价区间
高级职称,高级职称
可视面积,可视面积
发行版本,发行版本
CD—RW,CD—RW
事业编制,事业编制
连载状态,连载状态
ISRC,ISRC
法律,法律
二级机构,二级机构
EMS短信,EMS短信
机构职能,机构职能
品种登记号,品种登记号
载体形态项,载体形态项
下设,下设
掉落者,掉落者
重量(kg),重量(kg)
年代款,年代款
执行事务合伙人,执行事务合伙人
对应OS,对应OS
主桥长,主桥长
投影技术,投影技术
册数规格,册数规格
一级产品类别,一级产品类别
活跃年代,活跃年代
每集时长,每集时长
主要职责3,主要职责3
画面颜色,画面颜色
外部尺寸,外部尺寸
底印,底印
游戏评分,游戏评分
所在地点,所在地点
最大体长,最大体长
营养,营养
媒体,媒体
歌曲监制,歌曲监制
登基年月,登基年月
引种时间,引种时间
现任主帅,现任主帅
师兄,师兄
外形参数,外形参数
碎纸宽度,碎纸宽度
所属科,所属科
"丛书名互联网+创新规划教材""","丛书名互联网+创新规划教材"""
车道数量,车道数量
曾合作人物,曾合作人物
更新,更新
繁殖,繁殖
最大打印长度,最大打印长度
共分,共分
排版,排版
总章数,总章数
传输速率,传输速率
英文名字,英文名字
学校地址,学校地址
出版统筹,出版统筹
商品条码,商品条码
死因,死因
烤制时间,烤制时间
审批年月,审批年月
所属铁路局,所属铁路局
公司简称,公司简称
点击,点击
教育理念,教育理念
资产,资产
管理权,管理权
操控方式,操控方式
上映时间,上映时间
整理,整理
总像素数,总像素数
优点,优点
曲长,曲长
视频解码,视频解码
车身尺寸,车身尺寸
领导信息,领导信息
摄像头类型,摄像头类型
产量,产量
社出版,社出版
总发行,总发行
方式,方式
生存时期,生存时期
营养价值,营养价值
出刊日期,出刊日期
创建时间,创建时间
组中文名,组中文名
总编审,总编审
单元数,单元数
动漫类型,动漫类型
信用代码,信用代码
一级硕士点,一级硕士点
策划单位,策划单位
asin,asin
设计时速,设计时速
发生年代,发生年代
所在国家,所在国家
色彩位数,色彩位数
副校长,副校长
知名校友,知名校友
办园目标,办园目标
晶体管数,晶体管数
指示灯,指示灯
核准日期,核准日期
出版方式,出版方式
最大像素数,最大像素数
电压输入,电压输入
音乐播放,音乐播放
外径D,外径D
处理器系列,处理器系列
质地,质地
备案立项号,备案立项号
放大倍率,放大倍率
同义学名7,同义学名7
人员,人员
所属大洲,所属大洲
小说性质,小说性质
导言,导言
播音,播音
支持系统内存,支持系统内存
副属性,副属性
配套资源,配套资源
封装模式,封装模式
升学率,升学率
标准录音时间,标准录音时间
自动化程度,自动化程度
单行本册数,单行本册数
中文别名,中文别名
最大帧频,最大帧频
主要介绍,主要介绍
索取号地,索取号地
特邀编辑,特邀编辑
挂牌,挂牌
管理,管理
应用容量,应用容量
高度(英寸),高度(英寸)
文件编号,文件编号
片长,片长
能效,能效
速度类型,速度类型
建筑总面积,建筑总面积
装配基地,装配基地
制浆工艺,制浆工艺
现任院长,现任院长
环保标准,环保标准
插画画师,插画画师
罗马字母拼写,罗马字母拼写
变速箱类型,变速箱类型
使用范围,使用范围
位置·号码,位置·号码
管理范围,管理范围
电源类型,电源类型
洗印格式,洗印格式
小诀窍,小诀窍
所属专辑名,所属专辑名
副屏幕,副屏幕
宽度,宽度
稀有程度,稀有程度
通宽,通宽
摘录,摘录
多媒体短信,多媒体短信
球员,球员
专业分类,专业分类
操控,操控
地铁,地铁
内设机构3,内设机构3
生活,生活
支持单位,支持单位
碳C,碳C
种类,种类
责任印制,责任印制
出土位置,出土位置
武器特点,武器特点
母带后期工程师,母带后期工程师
原文页数,原文页数
握拍,握拍
产品特征,产品特征
俱乐部,俱乐部
手机待机时间,手机待机时间
农历立春,农历立春
推出年,推出年
游戏授权,游戏授权
上级机构,上级机构
英国,英国
喜欢的颜色,喜欢的颜色
灶眼数量,灶眼数量
机构地区,机构地区
ICP备案号,ICP备案号
书号ISBN,书号ISBN
适用场所,适用场所
作者主讲,作者主讲
作者机构,作者机构
菜品特色,菜品特色
整机功率,整机功率
转速(rpm),转速(rpm)
外壳颜色,外壳颜色
资格,资格
手机制式,手机制式
主要产品,主要产品
后期混缩,后期混缩
转速选择,转速选择
商品状态,商品状态
样式,样式
特性,特性
组织口号,组织口号
歌曲联合发行,歌曲联合发行
发行日,发行日
材料名称,材料名称
现有职工,现有职工
桥梁宽度,桥梁宽度
介质温度,介质温度
发现地,发现地
名称状态,名称状态
原版,原版
工作压力,工作压力
游戏站点,游戏站点
下辖部门,下辖部门
理线功能,理线功能
音乐出品发行,音乐出品发行
病毒,病毒
收入,收入
罗马字,罗马字
职能1,职能1
接口技术,接口技术
烹饪时间,烹饪时间
[光盘数],[光盘数]
语言支持,语言支持
最大功率输出,最大功率输出
经验类型,经验类型
独立攻击力,独立攻击力
部门职能,部门职能
主要读者,主要读者
教学方式,教学方式
院校类型,院校类型
轴承产地,轴承产地
证号,证号
固件要求,固件要求
湿度,湿度
审批时间,审批时间
加强,加强
显示器类型,显示器类型
任职单位,任职单位
铃声类型,铃声类型
中国动物保护等级,中国动物保护等级
产品结构,产品结构
课时,课时
玉色,玉色
胎质,胎质
书籍特点,书籍特点
建筑风格,建筑风格
选入,选入
支持视频格式,支持视频格式
开始时间,开始时间
组建人,组建人
分布描述,分布描述
又称,又称
书价,书价
校订,校订
选育人,选育人
汽车级别,汽车级别
镜头类型,镜头类型
人体工程学,人体工程学
引进单位,引进单位
现居地,现居地
适用软件环境,适用软件环境
管理者,管理者
首印数,首印数
年学费,年学费
线路长度,线路长度
总容量,总容量
智能加速主频,智能加速主频
场上司职,场上司职
视频信号,视频信号
原作名,原作名
描写人物,描写人物
部门领导,部门领导
黄酒,黄酒
负责人,负责人
官方粉丝名,官方粉丝名
主要优点,主要优点
显示器尺寸,显示器尺寸
电压范围,电压范围
CIP数据,CIP数据
最大DRAM,最大DRAM
品质特点,品质特点
拦网高度,拦网高度
行政编制,行政编制
其它接口,其它接口
发表平台,发表平台
本书,本书
年款,年款
印张,印张
试件最大重量,试件最大重量
生产时间,生产时间
章回,章回
涉案人员,涉案人员
演出时间,演出时间
相关内容,相关内容
建校年代,建校年代
应用学科,应用学科
总收藏数,总收藏数
师兄弟,师兄弟
发行厂商,发行厂商
增售,增售
人声录音师,人声录音师
联合发布,联合发布
产品条码,产品条码
参与人数,参与人数
系主任,系主任
GPS导航,GPS导航
背光灯类型,背光灯类型
物种名称,物种名称
公司理念,公司理念
工作特点,工作特点
使用部位,使用部位
歌手姓名,歌手姓名
参考报价,参考报价
开业,开业
队长,队长
其他作品,其他作品
职干部职工,职干部职工
Billboard,Billboard
通车日期,通车日期
游戏rom,游戏rom
出生人物,出生人物
现收藏地,现收藏地
主教练,主教练
连载平台,连载平台
职责1,职责1
结构组成,结构组成
所报项目,所报项目
墨盒容量,墨盒容量
品牌型号,品牌型号
执行制作,执行制作
音乐制作人,音乐制作人
粤语,粤语
加盟日期,加盟日期
外接主机通道,外接主机通道
英文简称,英文简称
读者人群,读者人群
原变种,原变种
创建年代,创建年代
作者学历,作者学历
符合标准,符合标准
数目与尺寸,数目与尺寸
英语名称,英语名称
膛线,膛线
存容量,存容量
工作功率,工作功率
法号,法号
开馆时间,开馆时间
耗材,耗材
全书,全书
审定年份,审定年份
中文科名,中文科名
部门类型,部门类型
IMDb链接,IMDb链接
主管单位,主管单位
挂牌时间,挂牌时间
废止年份,废止年份
中图分类号,中图分类号
书名原文,书名原文
失真度,失真度
主题壁纸类别,主题壁纸类别
小提琴,小提琴
书法类型,书法类型
实行,实行
bass,bass
形态,形态
打印速度,打印速度
总线接口,总线接口
育成时间,育成时间
中文,中文
现藏收地,现藏收地
出土地址,出土地址
就读学校,就读学校
治疗疾病,治疗疾病
相机类型,相机类型
编写时间,编写时间
掉落,掉落
二版时间,二版时间
外形,外形
投影对比度,投影对比度
>操作系统,>操作系统
出道,出道
最大存储容量,最大存储容量
形式,形式
科图法分类,科图法分类
威力,威力
演出,演出
集成显卡,集成显卡
词目,词目
重建,重建
家用,家用
资料,资料
运营网站,运营网站
是否付费,是否付费
使用环境,使用环境
审定意见,审定意见
箱琴,箱琴
消费模式,消费模式
编目分类,编目分类
师傅,师傅
培养目标,培养目标
单元,单元
光圈范围,光圈范围
隶属机构,隶属机构
虚拟人物血型,虚拟人物血型
墨粉适用,墨粉适用
专辑时长,专辑时长
特点,特点
科研方向,科研方向
适用领域,适用领域
制度,制度
记录地址,记录地址
同义学名3,同义学名3
尾鳍,尾鳍
所属作品,所属作品
备案单位,备案单位
是否宽屏,是否宽屏
拍摄地点,拍摄地点
雷达预警功能,雷达预警功能
在编人员,在编人员
所属联赛,所属联赛
额定电压,额定电压
国家标准书号ISBN,国家标准书号ISBN
编选,编选
球队位置,球队位置
嫂子,嫂子
写作背景,写作背景
迅驰技术,迅驰技术
分钟提示,分钟提示
折后价格,折后价格
额定耗水量,额定耗水量
精确度,精确度
副书记,副书记
通告号,通告号
职责调整3,职责调整3
化石门类,化石门类
种,种
防夹手功能,防夹手功能
流行于,流行于
动态加速频率,动态加速频率
登记单位,登记单位
影响,影响
GPU型号,GPU型号
气候类型,气候类型
原任职单位,原任职单位
录音时间,录音时间
产品特点,产品特点
剖面构型,剖面构型
改编者,改编者
静载荷,静载荷
天线数量,天线数量
机身颜色,机身颜色
所属机种,所属机种
电子快门,电子快门
翻译,翻译
文件大小,文件大小
意义,意义
TAGS,TAGS
命中,命中
最大径,最大径
适用网络类型,适用网络类型
制作者,制作者
硬盘接口类型,硬盘接口类型
显示屏尺寸,显示屏尺寸
组别,组别
衍生作品,衍生作品
交换方式,交换方式
动画类型,动画类型
游戏风格,游戏风格
软件用途,软件用途
包转发率,包转发率
内存容量2,内存容量2
游戏机制,游戏机制
提出者,提出者
平均流量,平均流量
多看价格,多看价格
显存频率,显存频率
情敌,情敌
喜欢的东西,喜欢的东西
进化等级,进化等级
发表者,发表者
消耗,消耗
作品收藏,作品收藏
通高,通高
育人理念,育人理念
热处理规范,热处理规范
选购指数,选购指数
定位精度,定位精度
开机时间,开机时间
录音助理,录音助理
满载排水量,满载排水量
饲养要求,饲养要求
室外机质量,室外机质量
收藏时间,收藏时间
提出时间,提出时间
冲击功,冲击功
创刊时间,创刊时间
国家/地区,国家/地区
总教练,总教练
创作时代,创作时代
后轮距,后轮距
产品噪音,产品噪音
重点项目,重点项目
额定燃气压力,额定燃气压力
快门类型,快门类型
获奖记录,获奖记录
全书共分,全书共分
和声编辑,和声编辑
播放时长,播放时长
现任副院长,现任副院长
变温容积,变温容积
开门,开门
操作温度,操作温度
游戏环境,游戏环境
终点,终点
书籍标识,书籍标识
NT,NT
占地,占地
排名,排名
押韵,押韵
作品主角,作品主角
编数,编数
传感器尺寸,传感器尺寸
道路等级,道路等级
相关的种,相关的种
色泽,色泽
正常功耗,正常功耗
供稿,供稿
CNY,CNY
CITES公约级别,CITES公约级别
创作年份,创作年份
最大支持容量,最大支持容量
户外活动场地,户外活动场地
主要民族,主要民族
学位授予年份,学位授予年份
腔调,腔调
绝缘电阻,绝缘电阻
病毒别名,病毒别名
作品定位,作品定位
芯片位宽,芯片位宽
长/宽/高,长/宽/高
爷爷,爷爷
培养模式,培养模式
追赠,追赠
原理,原理
发售价格,发售价格
内径(d),内径(d)
条型码,条型码
营养成分,营养成分
拍卖地点,拍卖地点
工作气压,工作气压
产品成分,产品成分
转基因,转基因
毕业学校,毕业学校
储藏方法,储藏方法
培育者,培育者
录混,录混
运营机构,运营机构
周围景观,周围景观
后悬挂形式,后悬挂形式
小区交通,小区交通
适用家庭,适用家庭
单元直径,单元直径
食物相克,食物相克
图书定价,图书定价
学科分类,学科分类
退休人员,退休人员
作者毕业院校,作者毕业院校
特长,特长
价格段,价格段
软件特点,软件特点
师从,师从
发布网站,发布网站
输出频率范围,输出频率范围
机构业务,机构业务
在校人数,在校人数
企划营销,企划营销
生态,生态
上级,上级
粤语队名,粤语队名
翅展,翅展
教育培训,教育培训
生活年代,生活年代
发行单位,发行单位
显示屏,显示屏
起始重量,起始重量
分类,分类
全文长度,全文长度
野生驯化,野生驯化
建筑时间,建筑时间
外壳,外壳
支持ROM,支持ROM
菜名,菜名
盘体尺寸,盘体尺寸
天数,天数
位置号码,位置号码
原产国,原产国
拉丁文学名,拉丁文学名
创作进程,创作进程
上传人,上传人
播放平台,播放平台
重建时间,重建时间
修建者,修建者
F值,F值
漫画,漫画
出版、发行地,出版、发行地
法兰厚度,法兰厚度
课数,课数
发展战略,发展战略
内设机构,内设机构
配唱制作,配唱制作
适宜年龄,适宜年龄
寄主危害作物,寄主危害作物
配套图书,配套图书
系统总线,系统总线
目名,目名
详细地址,详细地址
加速技术,加速技术
一般亩产,一般亩产
酒店地址,酒店地址
行政地区,行政地区
录音混音,录音混音
最高分辨率,最高分辨率
标配,标配
机构代码,机构代码
发明者,发明者
合适年龄,合适年龄
属下,属下
首次出现,首次出现
第二卷,第二卷
形状,形状
审核,审核
主要荣誉,主要荣誉
极限,极限
终结者,终结者
册/包,册/包
人员伤亡,人员伤亡
获奖,获奖
个人爱好,个人爱好
内径d,内径d
国际标准字号,国际标准字号
学校占地面积,学校占地面积
国语译名,国语译名
水温调节,水温调节
作品原文,作品原文
使用网络,使用网络
敌人,敌人
印章,印章
调料1,调料1
毕业,毕业
版次、印次,版次、印次
起售价,起售价
公司荣誉,公司荣誉
魔法暴击率,魔法暴击率
终点站,终点站
rmin,rmin
试样毛坯尺寸,试样毛坯尺寸
臧品编号,臧品编号
主要功能,主要功能
海拔区间,海拔区间
博士,博士
景观用途,景观用途
气缸数,气缸数
本册主编,本册主编
学院类型,学院类型
首发地点,首发地点
树高,树高
理论油耗,理论油耗
臂展,臂展
重点介绍,重点介绍
院庆日,院庆日
备案地,备案地
性格,性格
科室,科室
内径d(mm),内径d(mm)
栖息,栖息
工会主席,工会主席
原作,原作
绘图者,绘图者
发行机构,发行机构
完结字数,完结字数
主管工作,主管工作
主要参数,主要参数
团队级别,团队级别
施行时间,施行时间
正文,正文
弦乐指挥,弦乐指挥
科目分类,科目分类
增加,增加
出版地区,出版地区
书本尺寸,书本尺寸
武器级别,武器级别
隶属,隶属
作者地位,作者地位
统一数字代号,统一数字代号
出品地区,出品地区
传输速度,传输速度
馆藏点,馆藏点
适应年龄,适应年龄
学习内容,学习内容
属地,属地
结拜兄弟,结拜兄弟
品牌理念,品牌理念
出身,出身
抗逆性,抗逆性
游戏日期,游戏日期
出版者,出版者
电池数量,电池数量
设定地点,设定地点
博士后,博士后
详细说明,详细说明
模式标本产地,模式标本产地
有效像素(万),有效像素(万)
发行许可证号,发行许可证号
机构简称,机构简称
进纸盒容量,进纸盒容量
智能保护,智能保护
剧情简介,剧情简介
技术规格,技术规格
主要工作,主要工作
安规认证,安规认证
原属,原属
球衣号码,球衣号码
频段,频段
cip,cip
事件1,事件1
收藏地点,收藏地点
下辖机构,下辖机构
能耗等级,能耗等级
合瓣花亚纲,合瓣花亚纲
屏幕类型,屏幕类型
主营,主营
奁规格,奁规格
陶瓷造型,陶瓷造型
读取速度,读取速度
学位,学位
壶高,壶高
温馨提示,温馨提示
批号,批号
主公,主公
坐骑,坐骑
声道数,声道数
属名,属名
分布地域,分布地域
工作温度,工作温度
眼睛,眼睛
外壳材质,外壳材质
主要组成,主要组成
手机名称,手机名称
所属城市,所属城市
出发点,出发点
亮点,亮点
改写,改写
再版定价,再版定价
身价,身价
区位,区位
禁忌人群,禁忌人群
游戏时间,游戏时间
中国植物保护等级,中国植物保护等级
游戏人气,游戏人气
祖籍,祖籍
cpu主频,cpu主频
馅料,馅料
烟机款式,烟机款式
党员,党员
瓣型,瓣型
迅雷,迅雷
缩混,缩混
行政区划,行政区划
操作系统,操作系统
混音&母带,混音&母带
土类(二普),土类(二普)
电池寿命,电池寿命
网络协议,网络协议
资料类型,资料类型
编制数,编制数
传输协议,传输协议
现任书记,现任书记
推荐年龄,推荐年龄
重要性,重要性
退场,退场
所属卷,所属卷
淬火温度,淬火温度
内存最大容量,内存最大容量
构成,构成
病毒类型,病毒类型
用量,用量
MP3铃声,MP3铃声
最大打印宽度,最大打印宽度
跨河,跨河
能效等级,能效等级
英文,英文
专辑歌手,专辑歌手
内存描述,内存描述
混音/和声,混音/和声
烈度,烈度
个性,个性
随书附赠,随书附赠
材料类型,材料类型
首任院长,首任院长
出自,出自
院训,院训
萃取部位,萃取部位
音频系统,音频系统
制作单位,制作单位
校园占地,校园占地
主轴转速,主轴转速
工作湿度,工作湿度
扫描仪类型,扫描仪类型
好玩度,好玩度
创建,创建
意思,意思
文物时代,文物时代
命名人,命名人
小贴士,小贴士
充电时间,充电时间
套系名称,套系名称
工种,工种
变焦,变焦
底板材质,底板材质
干部职工人数,干部职工人数
接头标准,接头标准
任职院校,任职院校
适读对象,适读对象
相关作品,相关作品
可扩展内存,可扩展内存
设施与服务,设施与服务
扫描方式,扫描方式
优劣点,优劣点
发行阶段,发行阶段
所在文化层,所在文化层
全宽,全宽
钤印,钤印
电源电压(V),电源电压(V)
绘入地图,绘入地图
后期制作,后期制作
CPU生产商,CPU生产商
运行权限,运行权限
会员人数,会员人数
快门性能,快门性能
颜色,颜色
适合阅读年龄,适合阅读年龄
业务指导单位,业务指导单位
歌手简介,歌手简介
黏度,黏度
最大分辨率,最大分辨率
有效积温,有效积温
轴距(mm),轴距(mm)
OD(外径),OD(外径)
最大原稿尺寸,最大原稿尺寸
肩高,肩高
机关属性,机关属性
编号,编号
适用地区,适用地区
手机类别,手机类别
事发时间,事发时间
全名,全名
承载,承载
品种登记编号,品种登记编号
issn,issn
地处,地处
饰演,饰演
化学成份,化学成份
平均亮度,平均亮度
途经线路,途经线路
正式发布,正式发布
效力球队,效力球队
培育时间,培育时间
对象,对象
国际刊号,国际刊号
代表国家队,代表国家队
票房,票房
总容积(升),总容积(升)
运营模式,运营模式
操作方法,操作方法
成立年份,成立年份
武器强化等级,武器强化等级
铭文释文,铭文释文
职能2,职能2
游戏平台,游戏平台
所在单位,所在单位
气门数,气门数
股票代码,股票代码
响应时间,响应时间
出身地,出身地
对白语言,对白语言
地图版本,地图版本
行使,行使
影响因子,影响因子
编舞,编舞
匹数(P),匹数(P)
机构隶属,机构隶属
拟定,拟定
正文字数,正文字数
当期户数,当期户数
会员,会员
国家队,国家队
家庭,家庭
手机重量,手机重量
CPU说明,CPU说明
荣誉时间,荣誉时间
推荐指数,推荐指数
原名,原名
首演时间,首演时间
水平视角范围,水平视角范围
曝光日期,曝光日期
退役时间,退役时间
所获奖项,所获奖项
类别2,类别2
作家,作家
概况,概况
选购热点,选购热点
刊载,刊载
获奖荣誉,获奖荣誉
处理器参数,处理器参数
取消的职责,取消的职责
正式上市,正式上市
停止运营时间,停止运营时间
NVIDIA芯片,NVIDIA芯片
所属荣誉,所属荣誉
适宜季节,适宜季节
混音/母带,混音/母带
直属事业单位,直属事业单位
小说人物,小说人物
开业时间,开业时间
集数,集数
产品尺寸及重量,产品尺寸及重量
绑定,绑定
用途,用途
馆藏书号,馆藏书号
全重,全重
平均亩产,平均亩产
排量(L),排量(L)
FET特点,FET特点
征订号,征订号
作物类别,作物类别
属性,属性
食谱相克,食谱相克
制作时间,制作时间
局长,局长
书籍尺寸,书籍尺寸
地震位置,地震位置
包装清单,包装清单
职权范围,职权范围
书籍编号,书籍编号
媒体支持,媒体支持
二级分类,二级分类
人群荷载,人群荷载
出版地,出版地
厂商名称,厂商名称
热门度,热门度
审定单位,审定单位
DVD—RAM,DVD—RAM
读者群体,读者群体
武器魔法技能,武器魔法技能
立碑时间,立碑时间
帧速,帧速
动态对比度,动态对比度
垂直扫描,垂直扫描
承印,承印
竣工,竣工
年产,年产
执行制作人,执行制作人
音色,音色
灌粉容量,灌粉容量
预期售价,预期售价
归类,归类
速度,速度
叶片长,叶片长
品种权号,品种权号
最大睿频,最大睿频
接口类型,接口类型
产品系列,产品系列
全高,全高
团队,团队
防腐等级,防腐等级
研制国别,研制国别
唱片,唱片
异名2,异名2
功效分类,功效分类
作品原属,作品原属
外形设计,外形设计
表妹,表妹
可堆叠,可堆叠
解释,解释
端口结构,端口结构
位于网站,位于网站
途径线路,途径线路
行业应用,行业应用
协会主席,协会主席
车站地址,车站地址
地图大小,地图大小
所属商圈,所属商圈
校译,校译
重量,重量
工作任务,工作任务
鼠标大小,鼠标大小
供电面积,供电面积
新型号,新型号
射程,射程
幼儿,幼儿
手机类型,手机类型
责任印刷,责任印刷
相关文献,相关文献
申请号,申请号
附加功能,附加功能
图书目录,图书目录
正式成立时间,正式成立时间
栽培技术,栽培技术
气缸容积,气缸容积
依照,依照
萼片,萼片
网络播放平台,网络播放平台
防爆标志,防爆标志
基部直径,基部直径
致力于,致力于
碎纸能力,碎纸能力
组织实施,组织实施
成因,成因
地图语言,地图语言
业务领域,业务领域
名称发表年,名称发表年
古筝演奏,古筝演奏
燃油标号,燃油标号
商品匹数,商品匹数
母带后期混音师,母带后期混音师
商品尺寸及重量,商品尺寸及重量
基本额定载荷,基本额定载荷
[尺寸],[尺寸]
I/O接口,I/O接口
游戏模式,游戏模式
所属品种,所属品种
书系,书系
出道年份,出道年份
经济类型,经济类型
发动机位置,发动机位置
其他相关作品,其他相关作品
商品类型,商品类型
热度,热度
库存量,库存量
其它特点,其它特点
运动场地面积,运动场地面积
孔径,孔径
题名拼音,题名拼音
工程师,工程师
核心价值,核心价值
主人公,主人公
条件,条件
编剧,编剧
内存校验,内存校验
发展,发展
水箱容积,水箱容积
编曲/监制,编曲/监制
有源无源,有源无源
讲座类别,讲座类别
遗产编号,遗产编号
专辑风格,专辑风格
造价,造价
所属家族,所属家族
是否认证,是否认证
发掘单位,发掘单位
底径,底径
来源数据库,来源数据库
俗名,俗名
发射时间,发射时间
镜头分类,镜头分类
光源类型,光源类型
同物异名,同物异名
正式挂牌,正式挂牌
内容时限,内容时限
过程,过程
洗衣程序,洗衣程序
分枝,分枝
获奖情况,获奖情况
常住地,常住地
内容类型,内容类型
濒危状态,濒危状态
试验用名,试验用名
举办时间,举办时间
有效期截止日,有效期截止日
应用于,应用于
口述,口述
短信群发,短信群发
作画监督,作画监督
就业率,就业率
逝世地,逝世地
软件介绍,软件介绍
房间数量,房间数量
单位属性,单位属性
本名,本名
文物来源,文物来源
接口速率,接口速率
类型,类型
关键词,关键词
跨度,跨度
认定编号,认定编号
闪光指数,闪光指数
适用硬件环境,适用硬件环境
内径(mm),内径(mm)
额定风量,额定风量
第三卷,第三卷
出品方,出品方
会员数,会员数
国家标准字号,国家标准字号
纪委书记,纪委书记
科目英文,科目英文
适用设备,适用设备
最新章节,最新章节
成色,成色
坐落于,坐落于
第三章,第三章
公称通经,公称通经
物种命名人,物种命名人
女声,女声
音乐编辑,音乐编辑
最大功耗,最大功耗
功效,功效
酒精度数,酒精度数
录音朗读人,录音朗读人
职能科室,职能科室
封面题词,封面题词
亩产量,亩产量
建立年代,建立年代
栖息深度,栖息深度
组织性质,组织性质
Bass,Bass
滚轴数,滚轴数
中历,中历
网络连接方式,网络连接方式
HDMI接口,HDMI接口
方丈,方丈
代理发行,代理发行
录音工作室,录音工作室
参观人数,参观人数
主管业务,主管业务
发表日期,发表日期
党组副书记,党组副书记
发证日期,发证日期
附录,附录
故事地点,故事地点
管理单位,管理单位
教材特点,教材特点
背景,背景
参与,参与
专辑名称,专辑名称
名誉主任,名誉主任
面径,面径
额定电流,额定电流
使用环境温度,使用环境温度
最大光圈,最大光圈
网络,网络
记录,记录
品质,品质
营养物质,营养物质
出纸盒容量,出纸盒容量
评注,评注
适合年龄,适合年龄
提供,提供
机构类型,机构类型
学科专业,学科专业
界面语言,界面语言
软件价格,软件价格
曾执教球队,曾执教球队
RAID模式,RAID模式
型式,型式
关键字,关键字
版本印次,版本印次
器型规格,器型规格
博物馆性质,博物馆性质
登记状态,登记状态
电子书,电子书
专科专业,专科专业
作者荣誉,作者荣誉
注意点,注意点
首版时间,首版时间
组合,组合
医院等级,医院等级
高度范围,高度范围
屏幕比例,屏幕比例
血统,血统
VPN支持,VPN支持
MDL,MDL
籍贯,籍贯
下属机构,下属机构
和声,和声
使用面积,使用面积
建议上架,建议上架
造型设计,造型设计
景点级别,景点级别
另称,另称
公顷保苗,公顷保苗
视频分辨率,视频分辨率
音乐监制,音乐监制
合作宣传,合作宣传
体积尺寸,体积尺寸
可信度,可信度
创作者,创作者
制作要诀,制作要诀
根据地,根据地
花径,花径
挂靠单位,挂靠单位
总编剧,总编剧
输入电压范围,输入电压范围
改编词,改编词
网络速度,网络速度
制作人Produce,制作人Produce
输入方式,输入方式
专辑语言,专辑语言
间谍软件,间谍软件
相关人员,相关人员
绝学,绝学
县级,县级
防护等级,防护等级
投放市场的日期,投放市场的日期
操作难度,操作难度
主要线路,主要线路
综合油耗(L),综合油耗(L)
随机软件,随机软件
结局,结局
流行时代,流行时代
主桥宽,主桥宽
风冷,风冷
最低工作高度,最低工作高度
司职,司职
适合等级,适合等级
最高工作压力,最高工作压力
烟机控制方式,烟机控制方式
做法第一步,做法第一步
文献,文献
特有地区,特有地区
族,族
上线备案号,上线备案号
D(外径),D(外径)
集团,集团
主屏分辨率,主屏分辨率
附赠,附赠
生产基地,生产基地
运行平台,运行平台
叶片形状,叶片形状
单位,单位
英语,英语
选育,选育
正式开放时间,正式开放时间
最高航速,最高航速
入学时间,入学时间
支持,支持
插画作者,插画作者
气源,气源
闪点,闪点
结局数,结局数
总长,总长
内置麦克风,内置麦克风
路线全长,路线全长
滤镜类型,滤镜类型
出版时期,出版时期
吃水,吃水
机关编制,机关编制
朗诵,朗诵
公司地址,公司地址
系统模型,系统模型
辅料1,辅料1
创刊,创刊
物业管理费,物业管理费
占用空间,占用空间
始建,始建
公司精神,公司精神
源自,源自
科,科
创办者,创办者
外观设计,外观设计
最大功率(Kw),最大功率(Kw)
管理对象,管理对象
官职,官职
附带品,附带品
用料,用料
变速器形式,变速器形式
纸张,纸张
首演,首演
PU型号,PU型号
适用产品,适用产品
原曲,原曲
传感器数量,传感器数量
厂商指导价(万元),厂商指导价(万元)
爵位,爵位
母本,母本
编辑,编辑
额定斗容量,额定斗容量
调研员,调研员
精度,精度
歌词编辑,歌词编辑
显卡型号,显卡型号
纸书价格,纸书价格
扫描分辨率,扫描分辨率
流行朝代,流行朝代
吸尘器类型,吸尘器类型
发布,发布
提供学校,提供学校
电源规格,电源规格
正文语,正文语
食盐,食盐
获得途径,获得途径
可播放碟片,可播放碟片
所属宇宙,所属宇宙
寄生范围,寄生范围
主屏颜色,主屏颜色
责编部门,责编部门
相关书籍,相关书籍
总章节,总章节
最大月印量,最大月印量
栽培要点,栽培要点
商品标识,商品标识
同伙,同伙
首席执行官,首席执行官
包装速度,包装速度
经纪人,经纪人
噪声,噪声
开盘时间,开盘时间
其它说明,其它说明
合音,合音
出版日期,出版日期
俱乐部编号,俱乐部编号
插座数量,插座数量
软件产地,软件产地
品相,品相
最大腹径,最大腹径
适合,适合
加入,加入
电源频率,电源频率
工作人员,工作人员
着色剂,着色剂
演唱,演唱
从事,从事
传输方式,传输方式
通长,通长
解散日期,解散日期
概要,概要
镜头参数,镜头参数
首印年月,首印年月
开始创作时间,开始创作时间
主旨,主旨
排版方式,排版方式
配唱制作人,配唱制作人
师姐,师姐
烤箱类型,烤箱类型
制作难度,制作难度
功能主治,功能主治
等效35mm焦距,等效35mm焦距
混音,混音
动工时间,动工时间
拍摄日期,拍摄日期
改制时间,改制时间
穗位,穗位
参考文献,参考文献
播出平台,播出平台
纲英文名,纲英文名
原始花被亚纲,原始花被亚纲
文物年代,文物年代
作者字,作者字
题名,题名
乐队人数,乐队人数
语言类型,语言类型
签约状态,签约状态
检查,检查
园训,园训
企划主管,企划主管
院长,院长
整体质量,整体质量
目标,目标
网络吞吐量,网络吞吐量
所属赛事,所属赛事
创作朝代,创作朝代
发证机关,发证机关
绘图作者,绘图作者
更新日期,更新日期
校笺,校笺
益处,益处
公司优势,公司优势
省级审定情况,省级审定情况
产地属性,产地属性
品种,品种
是否转基因,是否转基因
第4章,第4章
原始文献,原始文献
中图法,中图法
学历,学历
动态负荷,动态负荷
内口径,内口径
主要栏目,主要栏目
营养元素,营养元素
保质期,保质期
分辑号,分辑号
主要机构,主要机构
内部结构,内部结构
作品风格,作品风格
精彩词句,精彩词句
收藏处,收藏处
款式,款式
职责调整,职责调整
使用职业,使用职业
发行日期,发行日期
批准时间,批准时间
分册,分册
分辨率(dpi),分辨率(dpi)
总线规格,总线规格
文物厚度,文物厚度
主屏像素,主屏像素
缩写,缩写
干衣功能,干衣功能
发表方式,发表方式
最高主频,最高主频
字幕格式,字幕格式
采用,采用
生长地区,生长地区
挚友,挚友
纪检组长,纪检组长
管辖,管辖
创立者,创立者
水温,水温
生产工艺,生产工艺
总功率,总功率
指导思想,指导思想
出场集数,出场集数
站点布置,站点布置
作品出处,作品出处
滤镜尺寸,滤镜尺寸
出土地,出土地
入选时间,入选时间
花型,花型
执笔,执笔
制作统筹,制作统筹
游戏网站,游戏网站
型号,型号
来源于,来源于
发现地点,发现地点
产地方位,产地方位
食用方法,食用方法
销售,销售
硬盘转速,硬盘转速
耗电量范围,耗电量范围
大专学历,大专学历
治疗方法,治疗方法
所属丛书,所属丛书
线性分子式,线性分子式
设计单位,设计单位
作品目录,作品目录
组成人员,组成人员
名句,名句
动态对比,动态对比
主要特性,主要特性
EINECS登录号,EINECS登录号
输出时间,输出时间
送风方式,送风方式
开展度,开展度
专辑类型,专辑类型
总谐波失真,总谐波失真
连载期间,连载期间
管理体制,管理体制
校庆日,校庆日
学校荣誉,学校荣誉
原因,原因
所需时间,所需时间
经营内容,经营内容
模式标本采自,模式标本采自
图书名称,图书名称
主唱录音,主唱录音
足径,足径
异名1,异名1
办公地址,办公地址
ISBN1,ISBN1
展翅,展翅
完工时间,完工时间
幅面尺寸,幅面尺寸
开工建设,开工建设
可扩展容量,可扩展容量
摄像机类型,摄像机类型
编写单位,编写单位
均价,均价
内容包含,内容包含
"类别十一五国家级规划教材""","类别十一五国家级规划教材"""
目标读者,目标读者
攻击力,攻击力
风阻系数,风阻系数
作者出生,作者出生
技术特点,技术特点
国际标准分类号,国际标准分类号
销量,销量
执行编辑,执行编辑
涉及方面,涉及方面
总建筑面积,总建筑面积
重理,重理
显示器描述,显示器描述
黑白打印速度,黑白打印速度
本书编号,本书编号
开孔尺寸,开孔尺寸
热设计功耗(TDP),热设计功耗(TDP)
企划统筹,企划统筹
开工日期,开工日期
获得方法,获得方法
开车时间,开车时间
印刷速度,印刷速度
排放水平,排放水平
分辨率,分辨率
计算机号,计算机号
针脚数,针脚数
发现命名,发现命名
所属领域,所属领域
逝世日期,逝世日期
光盘放入方式,光盘放入方式
件/套,件/套
安装,安装
性质,性质
工作地点,工作地点
有效拉伸空间,有效拉伸空间
投影方式,投影方式
工作信道数,工作信道数
功能类别,功能类别
药品名称,药品名称
有效像素数,有效像素数
国土面积,国土面积
弹长,弹长
工作介质,工作介质
[系列],[系列]
部门属性,部门属性
像素级别,像素级别
点击率,点击率
防水深度,防水深度
基础伤害,基础伤害
索取号,索取号
首播时间,首播时间
彩信/彩e,彩信/彩e
票价,票价
墨盒型号,墨盒型号
责编,责编
股票简称,股票简称
是否有毒,是否有毒
立足于,立足于
适合机型,适合机型
封装类型,封装类型
学制,学制
复写能力,复写能力
所在城市,所在城市
学院院长,学院院长
建制级别,建制级别
盛花期,盛花期
武器品级,武器品级
秆高,秆高
内长,内长
建立依据,建立依据
购买方式,购买方式
报备机构,报备机构
月薪,月薪
原则,原则
投拍时间,投拍时间
所属部门,所属部门
断面收缩率,断面收缩率
分为,分为
其他特点,其他特点
土壤类型,土壤类型
机身设计,机身设计
中文亚目,中文亚目
弦乐监制,弦乐监制
女主,女主
工作经验,工作经验
企业荣誉,企业荣誉
战斗全重,战斗全重
"G.""","G."""
机构设置,机构设置
资料来源,资料来源
详细介绍,详细介绍
器形,器形
第二篇,第二篇
授权,授权
学科领域,学科领域
游戏引擎,游戏引擎
商业区,商业区
官方网站,官方网站
防水功能,防水功能
上架类别,上架类别
指导价,指导价
指导价格(万),指导价格(万)
物品属性,物品属性
曾效力球队,曾效力球队
模式菌株,模式菌株
外壳描述,外壳描述
音乐制作营销,音乐制作营销
从业资格,从业资格
彩插,彩插
全枪重,全枪重
技术编辑,技术编辑
总容积范围,总容积范围
申请时间,申请时间
水平视角,水平视角
发行量,发行量
馆长,馆长
总面积,总面积
产于,产于
文物长度,文物长度
游戏原名,游戏原名
文物所属,文物所属
实验室面积,实验室面积
职能科(室),职能科(室)
股长,股长
适合人群,适合人群
发行者,发行者
LRC,LRC
主演,主演
法人登记机关,法人登记机关
和音,和音
媒体评论,媒体评论
党委书记,党委书记
门票,门票
完结时间,完结时间
选(引)育单位(人),选(引)育单位(人)
超长短信,超长短信
尺寸或开本,尺寸或开本
编辑推荐,编辑推荐
色彩数,色彩数
荣誉院长,荣誉院长
适用介质,适用介质
作/译者,作/译者
原创,原创
已出册数,已出册数
载体形式,载体形式
喜欢的食物,喜欢的食物
发动机型号,发动机型号
成立于,成立于
出品者,出品者
管辖者,管辖者
下水时间,下水时间
选育机构,选育机构
输出类型,输出类型
官方主页,官方主页
口横,口横
前照灯类型,前照灯类型
主题分类,主题分类
分机总容量,分机总容量
收词,收词
图书语言,图书语言
试验名称,试验名称
产品简介,产品简介
编辑、剪辑,编辑、剪辑
浸泡时间,浸泡时间
作者职位,作者职位
处理器类型,处理器类型
桥面净宽,桥面净宽
桥高,桥高
录音棚,录音棚
来源地,来源地
碎纸效果,碎纸效果
选育时间,选育时间
媒介,媒介
冰冻星级,冰冻星级
宽度(英寸),宽度(英寸)
机器重量,机器重量
IMDb,IMDb
品种名称,品种名称
版权,版权
会员价格,会员价格
中文输入,中文输入
用纸类型,用纸类型
设置,设置
论文作者,论文作者
动载荷,动载荷
等级限制,等级限制
赛事,赛事
功效主治,功效主治
字数字数,字数字数
存档方式,存档方式
人物身份,人物身份
酒店星级,酒店星级
自动化程序,自动化程序
制作,制作
安全过滤带宽,安全过滤带宽
征集购买,征集购买
GPS屏幕,GPS屏幕
分类等级,分类等级
管辖范围,管辖范围
创作单位,创作单位
光学变焦倍数,光学变焦倍数
旗籍,旗籍
ISBN十位,ISBN十位
基金项目,基金项目
主讲,主讲
范畴,范畴
是否收费,是否收费
货号,货号
参数,参数
环境湿度,环境湿度
涵盖范围,涵盖范围
色带颜色,色带颜色
条形,条形
专业方向,专业方向
主要职能1,主要职能1
出生,出生
种数,种数
轴向动态负荷,轴向动态负荷
组建于,组建于
发行地区,发行地区
合集,合集
出售价格,出售价格
分享者,分享者
香油,香油
海拨高限,海拨高限
技术人员,技术人员
系类,系类
授课教师,授课教师
标准类型,标准类型
内设机构1,内设机构1
适温,适温
成鱼体长,成鱼体长
品种属性,品种属性
尺寸重量,尺寸重量
机关事业编制,机关事业编制
手机通话时间,手机通话时间
主要客户,主要客户
噪音水平,噪音水平
跨越,跨越
所属公司,所属公司
注评,注评
口味,口味
理念,理念
最大输出功率,最大输出功率
音乐风格,音乐风格
lSBN,lSBN
创作日期,创作日期
混音室,混音室
院长姓名,院长姓名
成立,成立
丛书名称,丛书名称
关系,关系
生活方式,生活方式
风扇尺寸,风扇尺寸
最高分辩率,最高分辩率
标准内存容量,标准内存容量
朝代,朝代
播期,播期
MV女主角,MV女主角
设施服务,设施服务
接丛书名,接丛书名
总像素,总像素
GPS芯片,GPS芯片
球队成立时间,球队成立时间
全生育期,全生育期
轴体类型,轴体类型
除菌能力,除菌能力
所处时代,所处时代
内容介绍,内容介绍
采收和储藏,采收和储藏
ISBN码,ISBN码
首张专辑,首张专辑
老师,老师
内部传输速率,内部传输速率
涉及食材,涉及食材
风量,风量
办学思想,办学思想
纸张种类,纸张种类
事故时间,事故时间
源于,源于
纸书页数,纸书页数
Bi,Bi
处于,处于
施放费用,施放费用
已完成字数,已完成字数
现藏地点,现藏地点
主体育场,主体育场
包张,包张
拼音名,拼音名
制造者,制造者
单页成本,单页成本
cpu,cpu
游戏说明,游戏说明
种类阵营,种类阵营
桥梁类型,桥梁类型
所属体系,所属体系
文物规格,文物规格
系列代号,系列代号
话机通讯录,话机通讯录
冷藏室容积,冷藏室容积
国外分布,国外分布
总门,总门
文物院属,文物院属
家庭成员,家庭成员
内设机构数,内设机构数
其他人物,其他人物
生长期,生长期
倒角,倒角
3G上网功能,3G上网功能
敏捷,敏捷
诊疗科目,诊疗科目
B厚度,B厚度
作者名,作者名
完成人,完成人
釉彩纹饰,釉彩纹饰
发布机构,发布机构
生肖,生肖
玩家,玩家
世界分布,世界分布
视像分辨率,视像分辨率
拉丁亚目,拉丁亚目
开始方法,开始方法
总投资,总投资
株行距,株行距
车身全长,车身全长
预备时间,预备时间
丛书系列,丛书系列
派别,派别
物业费,物业费
图书页数,图书页数
学校类型,学校类型
适用操作系统,适用操作系统
主材,主材
归类编码,归类编码
提出人,提出人
人物性格,人物性格
精彩诗句,精彩诗句
适应症,适应症
所在战区,所在战区
亚纲,亚纲
车站代码,车站代码
红皮书等级,红皮书等级
产品容积,产品容积
组模式,组模式
创始人,创始人
主桥,主桥
书名(异名),书名(异名)
音响总监,音响总监
创建日期,创建日期
隔圏,隔圏
开关类型,开关类型
出版方,出版方
CD—R,CD—R
标称对比度,标称对比度
产权年限,产权年限
漫画作者,漫画作者
名字,名字
出生于,出生于
处理幅面,处理幅面
副队长,副队长
最大内存容量,最大内存容量
长/宽/高(mm),长/宽/高(mm)
责任,责任
B站视频番号,B站视频番号
D,D
模式种产地,模式种产地
数目,数目
臧品登记号,臧品登记号
铃音描述,铃音描述
简称,简称
兼容操作系统,兼容操作系统
第一步,第一步
起源时间,起源时间
下设单位,下设单位
博士生导师,博士生导师
所有物种,所有物种
制造时间,制造时间
语言状态,语言状态
内径,内径
惯用阵型,惯用阵型
文物尺寸,文物尺寸
商品品牌,商品品牌
报站语言,报站语言
旧书VIP用户价,旧书VIP用户价
英文学名,英文学名
归属类别,归属类别
安装形式,安装形式
软件评级,软件评级
减速比范围,减速比范围
学院属性,学院属性
外观类型,外观类型
全院人数,全院人数
详细信息,详细信息
含义,含义
公司代码,公司代码
乐队风格,乐队风格
牌型,牌型
商品质量,商品质量
结实率,结实率
品牌性质,品牌性质
是否栽培,是否栽培
游戏发售,游戏发售
制程工艺,制程工艺
SMILES,SMILES
体重,体重
驱动类型,驱动类型
初速,初速
作者本名,作者本名
本书目录,本书目录
物业类别,物业类别
最佳品尝温度,最佳品尝温度
照明功率,照明功率
餐馆名称,餐馆名称
在产状态,在产状态
使用平台,使用平台
版权归属,版权归属
抗性,抗性
最大跨度,最大跨度
公布时间,公布时间
温度性能,温度性能
适用,适用
工商注册号,工商注册号
申请单位,申请单位
学历要求,学历要求
理论通话时间,理论通话时间
中医病名,中医病名
手机外形,手机外形
阅读年龄,阅读年龄
考证,考证
成像色彩,成像色彩
现藏地,现藏地
元件象素,元件象素
解调器速度,解调器速度
变焦比,变焦比
调味,调味
游戏价格,游戏价格
不适宜人群,不适宜人群
残长,残长
建桥时间,建桥时间
屈服强度,屈服强度
剧本,剧本
出版周期,出版周期
ISSNPrint,ISSNPrint
说唱,说唱
ROM大小,ROM大小
难易程度,难易程度
妹夫,妹夫
育成单位,育成单位
录音监制,录音监制
举例,举例
r(s/min),r(s/min)
所属球队,所属球队
最大输出,最大输出
归属地,归属地
就读院校,就读院校
电视制式,电视制式
载体形态,载体形态
菜肴口味,菜肴口味
传速速率,传速速率
门将,门将
整机工作重量,整机工作重量
行政人员,行政人员
带宽,带宽
语言版本,语言版本
冷冻室(L),冷冻室(L)
读者对象,读者对象
作用,作用
其他类别,其他类别
歌曲歌词,歌曲歌词
制冷循环系统,制冷循环系统
音频播放,音频播放
标点,标点
不宜人群,不宜人群
配音语言,配音语言
水族箱最大成体尺寸,水族箱最大成体尺寸
作品载体,作品载体
设立目的,设立目的
资源格式,资源格式
所属团体,所属团体
所属山脉,所属山脉
质量(kg),质量(kg)
图像大小,图像大小
提示,提示
组织机构代码,组织机构代码
生于海拔,生于海拔
出品人,出品人
硫S,硫S
游戏等级,游戏等级
经营,经营
结构形式,结构形式
最高睿频,最高睿频
初版日期,初版日期
使用领域,使用领域
创立于,创立于
歌手名,歌手名
开工,开工
安全,安全
第二条,第二条
卡口类型,卡口类型
外屏参数,外屏参数
运营商,运营商
WIFI功能,WIFI功能
耐久度,耐久度
倡导,倡导
主要负责,主要负责
审定通过时间,审定通过时间
对应平台,对应平台
岛屿面积,岛屿面积
出品年份,出品年份
纹路颜色,纹路颜色
译注,译注
印制,印制
亚科拉丁名,亚科拉丁名
授权日,授权日
相关,相关
项目监制,项目监制
图书售价,图书售价
驱动型式,驱动型式
足高,足高
河流,河流
生长时间,生长时间
生存时间,生存时间
键盘线长,键盘线长
备案编号,备案编号
命名,命名
投资,投资
作者介绍,作者介绍
能效比,能效比
条形码,条形码
菜系及功效,菜系及功效
制片地区,制片地区
最佳游玩季节,最佳游玩季节
两袖通长,两袖通长
生产许可证号,生产许可证号
选秀,选秀
内容简介,内容简介
赠品,赠品
对应国产牌号,对应国产牌号
关卡数,关卡数
重修,重修
SP,SP
价格(元),价格(元)
主峰,主峰
章数,章数
始建时间,始建时间
育种单位,育种单位
备案日期,备案日期
发现位置,发现位置
商品产地,商品产地
作者成就,作者成就
注意,注意
釉色,釉色
游戏产地,游戏产地
小说字数,小说字数
容水量,容水量
所属单位,所属单位
书籍作者,书籍作者
相关文件,相关文件
证券简称,证券简称
游戏性质,游戏性质
插页,插页
页    数,页    数
插脚数目,插脚数目
质量范围,质量范围
市场估价,市场估价
讲师,讲师
麦克风,麦克风
充电模式,充电模式
发行商,发行商
种类数目,种类数目
适宜范围,适宜范围
机身特性,机身特性
打印色彩,打印色彩
价值观,价值观
典故,典故
制动方式,制动方式
过滤效率,过滤效率
收缩高度,收缩高度
安卓游戏语言,安卓游戏语言
盘口径,盘口径
所属时空,所属时空
回数,回数
所属年代,所属年代
游戏下载,游戏下载
印面,印面
用纸,用纸
东经,东经
主要支流,主要支流
电池规格,电池规格
停产时间,停产时间
注册,注册
应用画面,应用画面
发动机工作,发动机工作
支持协议,支持协议
产地,产地
本科生,本科生
成菜标准,成菜标准
京领排名,京领排名
文献描述,文献描述
篇幅,篇幅
协助,协助
出道时间,出道时间
播出状态,播出状态
IDE插槽,IDE插槽
制热,制热
使用级别,使用级别
隶属于,隶属于
额定水压,额定水压
奖牌,奖牌
游戏合集,游戏合集
游戏技术,游戏技术
最小水族箱尺寸,最小水族箱尺寸
亲本来源,亲本来源
适合人数,适合人数
推荐,推荐
透明度,透明度
交换容量,交换容量
适宜推广区域,适宜推广区域
机构职责3,机构职责3
车道设置,车道设置
外号,外号
推荐人群,推荐人群
bc,bc
挖孔尺寸,挖孔尺寸
外名,外名
散热器类型,散热器类型
手表重量,手表重量
贮藏,贮藏
体形,体形
盘数,盘数
下属部门,下属部门
藏书数量,藏书数量
上班时间,上班时间
职能股室,职能股室
主要起草人,主要起草人
倍频,倍频
最大处理幅面,最大处理幅面
下一年,下一年
案件时期,案件时期
武器品质,武器品质
端口数量,端口数量
审校,审校
事件人物,事件人物
北京市中招学校代码,北京市中招学校代码
属相,属相
创办单位,创办单位
单位编号,单位编号
生活型,生活型
酸碱度,酸碱度
电源,电源
指向特征,指向特征
转速,转速
速比,速比
姓别,姓别
所属团队,所属团队
组建,组建
篇目,篇目
纲中文名,纲中文名
核心数,核心数
职责领域,职责领域
所属专题,所属专题
>国家,>国家
酒精度,酒精度
标称电压,标称电压
叶片,叶片
参加工作,参加工作
研究单位,研究单位
预选频道,预选频道
简体队名,简体队名
生态分类,生态分类
成立依据,成立依据
学生数,学生数
现状,现状
搭配美食,搭配美食
总下载数,总下载数
亲本组合,亲本组合
球衣广告,球衣广告
柄型,柄型
辅料,辅料
食用功效,食用功效
作者星座,作者星座
区域,区域
晒图幅面,晒图幅面
洗涤容量(kg),洗涤容量(kg)
需要,需要
上映日期,上映日期
读音,读音
手机型号,手机型号
出线类型,出线类型
测试,测试
理器主频,理器主频
技术归口,技术归口
投用时间,投用时间
结构长度,结构长度
完残程度,完残程度
硅Si,硅Si
书店,书店
扬声器数量,扬声器数量
生命值,生命值
幅式,幅式
机身材质,机身材质
杂志社地址,杂志社地址
母带制作人,母带制作人
研发,研发
功效(2),功效(2)
建造年代,建造年代
混音录音室,混音录音室
研制时间,研制时间
入住时间,入住时间
现存版本,现存版本
风类选择,风类选择
活动类型,活动类型
自定义,自定义
母带后期处理录音室,母带后期处理录音室
游戏收费,游戏收费
执业地点,执业地点
预约定时煮饭,预约定时煮饭
经历,经历
竣工日期,竣工日期
尺寸大小,尺寸大小
合作画廊,合作画廊
对比比率,对比比率
分布类别,分布类别
协调,协调
出版品牌,出版品牌
总宽,总宽
获取途经,获取途经
指导教师,指导教师
贯彻执行,贯彻执行
成穗率,成穗率
协会宗旨,协会宗旨
办公面积,办公面积
倍频(倍),倍频(倍)
中心主任,中心主任
工作时间,工作时间
灌装年份,灌装年份
主编,主编
下目,下目
联合出品,联合出品
RF功率,RF功率
发行唱片,发行唱片
书类,书类
煮制时间,煮制时间
额定载重量,额定载重量
藏于,藏于
涉及领域,涉及领域
安全检测,安全检测
安全标准,安全标准
中文名,中文名
游戏设计,游戏设计
续航里程,续航里程
基础,基础
出版,出版
C10,C10
推荐度,推荐度
输送介质,输送介质
具体尺寸(cm),具体尺寸(cm)
车辆级别,车辆级别
尺寸/重量,尺寸/重量
作者简介,作者简介
介绍,介绍
推荐上架,推荐上架
项目特色,项目特色
原本现藏地,原本现藏地
进风方式,进风方式
水质,水质
亚科中文名,亚科中文名
游戏来源,游戏来源
现任局长,现任局长
校址,校址
擅长领域,擅长领域
主编单位,主编单位
入侵检测,入侵检测
当前版本,当前版本
传输模式,传输模式
科编号,科编号
原工作单位,原工作单位
排水类型,排水类型
频率,频率
最大CPU数量,最大CPU数量
EINECS,EINECS
商品语言,商品语言
生效日期,生效日期
总目,总目
开发,开发
作品驻站,作品驻站
学生人数,学生人数
包牌价,包牌价
液晶板类型,液晶板类型
精神,精神
是否处方药,是否处方药
合作演员,合作演员
职能股,职能股
茶类,茶类
背光类型,背光类型
主要产地,主要产地
主导产品,主导产品
游戏版本,游戏版本
游戏系统,游戏系统
产品特性,产品特性
本科学历,本科学历
音乐专辑,音乐专辑
功能类型,功能类型
分类地位,分类地位
继任者,继任者
发现团队,发现团队
通过审定时间,通过审定时间
奥运会报名项目,奥运会报名项目
讨厌的食物,讨厌的食物
幅宽,幅宽
果期,果期
属拼音名,属拼音名
发声原理,发声原理
辅料2,辅料2
CV,CV
经度,经度
RAID支持,RAID支持
学科主题,学科主题
参与赛事,参与赛事
主要尺寸数据,主要尺寸数据
标识号,标识号
占地面积,占地面积
字号,字号
美术编辑,美术编辑
长*宽*高,长*宽*高
研究,研究
额定耗电量,额定耗电量
页码,页码
级别属性,级别属性
重点,重点
公司规模,公司规模
武器属性,武器属性
Rap,Rap
适用面积,适用面积
选编,选编
主题壁纸授权,主题壁纸授权
北纬,北纬
种质名称,种质名称
藏品来源,藏品来源
藏品总数,藏品总数
定义,定义
质地类别,质地类别
系统,系统
成就,成就
市外分布,市外分布
检疫分类,检疫分类
同义学名9,同义学名9
谱曲,谱曲
生产企业地址,生产企业地址
电池电压,电池电压
定名人及时间,定名人及时间
轴承厚度,轴承厚度
中文俗名,中文俗名
日文,日文
工作职能,工作职能
烹制工艺,烹制工艺
音乐营销,音乐营销
时制,时制
整备质量,整备质量
联系人,联系人
周推荐,周推荐
光学变焦,光学变焦
打印方向,打印方向
笔名,笔名
引擎,引擎
推荐人,推荐人
球衣号,球衣号
起源国家,起源国家
输入信号,输入信号
保护状况,保护状况
作曲人,作曲人
软件等级,软件等级
专任教师,专任教师
装裱式样,装裱式样
拓片原物状况,拓片原物状况
最大风量,最大风量
上架时间,上架时间
内存带宽,内存带宽
授权状态,授权状态
品种分类,品种分类
碟数,碟数
复印分辨率,复印分辨率
官方语言,官方语言
种拉丁名,种拉丁名
长度(英寸),长度(英寸)
主场容量,主场容量
拍摄人,拍摄人
文体,文体
责任者,责任者
转换时间,转换时间
装裱,装裱
行情价,行情价
来电铃声,来电铃声
风格,风格
运行系统,运行系统
镜头结构,镜头结构
尺寸(mm),尺寸(mm)
显存颗粒,显存颗粒
年营收额,年营收额
影响系统,影响系统
藏品时代,藏品时代
宜忌,宜忌
办学模式,办学模式
建设单位,建设单位
箱体颜色,箱体颜色
最近更新,最近更新
鉴定单位,鉴定单位
珊瑚兼容性,珊瑚兼容性
上传时间,上传时间
附带物,附带物
总册数,总册数
机场,机场
母星,母星
主要研究方向,主要研究方向
首次开放日期,首次开放日期
彩色打印速度,彩色打印速度
标称主频,标称主频
负责工作,负责工作
最小离地间隙,最小离地间隙
游戏标签,游戏标签
工作单位,工作单位
国际标准刊号,国际标准刊号
中文属名,中文属名
足距,足距
领导,领导
图书版次,图书版次
二级产品类别,二级产品类别
保修信息,保修信息
最大风压,最大风压
医保定点,医保定点
适应区域,适应区域
底色,底色
开通日期,开通日期
中国牌号,中国牌号
适用固件,适用固件
编混,编混
合作出版,合作出版
律所主任,律所主任
行业,行业
蓝牙,蓝牙
编写历时,编写历时
设计类型,设计类型
卡片类型,卡片类型
宣传,宣传
战斗方式,战斗方式
附魔等级,附魔等级
行政区域,行政区域
CADR值(m?/h),CADR值(m?/h)
游戏开发,游戏开发
丛书,丛书
其他性能,其他性能
引种人,引种人
退火,退火
自动方式,自动方式
气候,气候
实质,实质
所处年代,所处年代
额定静载荷,额定静载荷
灵敏度,灵敏度
MV,MV
原文语种,原文语种
诗句,诗句
丛编题名,丛编题名
寓意,寓意
长子,长子
部门所属,部门所属
荚长,荚长
最低海拔,最低海拔
总纂,总纂
退房时间,退房时间
平均传输率,平均传输率
混编,混编
经费来源,经费来源
科中文名,科中文名
车身全宽,车身全宽
出版日,出版日
字数/页数,字数/页数
从书名,从书名
曝光补偿,曝光补偿
车位总数,车位总数
企业名称,企业名称
结合,结合
续作,续作
获得方式,获得方式
等级,等级
汉语拼音,汉语拼音
营销模式,营销模式
师祖,师祖
原型,原型
完成字数,完成字数
爆炸抗性,爆炸抗性
围绕,围绕
原书定价,原书定价
规格尺寸,规格尺寸
总部位于,总部位于
亲本及组合,亲本及组合
PV,PV
字符集,字符集
承重,承重
通讯录,通讯录
旧书普通用户价,旧书普通用户价
形成时间,形成时间
工商所,工商所
京领2024排名,京领2024排名
保存信息,保存信息
研发企业,研发企业
军长,军长
出处,出处
采暖面积,采暖面积
单价,单价
主要文物,主要文物
商品货号,商品货号
校补,校补
输出分辨率,输出分辨率
发生地,发生地
公司简介,公司简介
名词类型,名词类型
传送速度,传送速度
藏品材质,藏品材质
小说类型,小说类型
发表网站,发表网站
正式出道,正式出道
社长,社长
结构,结构
极端均低温,极端均低温
出版社1,出版社1
什么,什么
总所/分所,总所/分所
评分,评分
总监,总监
包装版本,包装版本
具备,具备
卡片种类,卡片种类
下属,下属
字幕语言,字幕语言
储藏,储藏
管辖地区,管辖地区
碎纸速度,碎纸速度
发射地点,发射地点
纹饰明细,纹饰明细
"L.""","L."""
生长地点,生长地点
海拔下限,海拔下限
桥梁长,桥梁长
数据来源,数据来源
发展路径,发展路径
cpu型号,cpu型号
作品,作品
车型分类,车型分类
首发式,首发式
驱动形式,驱动形式
发行区域,发行区域
游戏指南,游戏指南
平均果重,平均果重
法兰外径,法兰外径
面积(公顷),面积(公顷)
电子书功能,电子书功能
所属国家,所属国家
命名时间,命名时间
联合发布部门,联合发布部门
联合策划,联合策划
花草样式,花草样式
正本语种,正本语种
特色分类,特色分类
热点,热点
上级部门,上级部门
医院类型,医院类型
群体,群体
通过类别,通过类别
其他题名信息,其他题名信息
CIP号,CIP号
下设机构,下设机构
环境,环境
收藏地,收藏地
转入职业,转入职业
点评,点评
特色功能,特色功能
藏书,藏书
副总编,副总编
协作单位,协作单位
编委,编委
地方,地方
大蒜,大蒜
科名,科名
存储,存储
对应德国牌号,对应德国牌号
软件,软件
看点,看点
师叔,师叔
扫描光源,扫描光源
预扫时间,预扫时间
韵脚,韵脚
导师,导师
核心品牌,核心品牌
主要出版,主要出版
出社,出社
影响平台,影响平台
属拉丁名,属拉丁名
承建单位,承建单位
复印速度,复印速度
转数描述,转数描述
法律依据,法律依据
俱乐部主席,俱乐部主席
食疗作用,食疗作用
公开方式,公开方式
使用方法,使用方法
物理技能,物理技能
年平均湿度,年平均湿度
小号,小号
烟机面板材质,烟机面板材质
名义振幅,名义振幅
处理时间,处理时间
定名人年代,定名人年代
在编职工,在编职工
横长,横长
最新版本大小,最新版本大小
接近角(°),接近角(°)
走向,走向
其他接口,其他接口
海拨,海拨
基本类型,基本类型
连接速度,连接速度
葡萄品种,葡萄品种
获取途径,获取途径
食效,食效
主要品牌,主要品牌
运营平台,运营平台
制冷量范围,制冷量范围
手机尺寸,手机尺寸
具体位置,具体位置
插槽数量,插槽数量
习惯脚,习惯脚
代理画廊,代理画廊
品牌类别,品牌类别
主线,主线
桥全长,桥全长
粤语版本,粤语版本
食谱类别,食谱类别
宗教,宗教
机构领导,机构领导
故事,故事
监制,监制
外径(mm),外径(mm)
矢跨比,矢跨比
出品,出品
ROM特色,ROM特色
体态特征,体态特征
2nd播放期间,2nd播放期间
有效读取尺寸,有效读取尺寸
每集长度,每集长度
长/宽/高尺寸,长/宽/高尺寸
水平角度,水平角度
表盘,表盘
代理,代理
输出色彩,输出色彩
容积,容积
无线速率,无线速率
链接方式,链接方式
歌手,歌手
校风,校风
制作过程,制作过程
上传用户,上传用户
产品介质,产品介质
支持高清格式,支持高清格式
文字编辑,文字编辑
馆藏号,馆藏号
经销,经销
演出者,演出者
审批机关,审批机关
功率调节,功率调节
产品功率,产品功率
其它性能,其它性能
折叠高度,折叠高度
最近对焦距离,最近对焦距离
馆藏地点,馆藏地点
模块插槽数,模块插槽数
烹调时间,烹调时间
节日日期,节日日期
站点,站点
蛋白质含量,蛋白质含量
伙伴,伙伴
d(内径),d(内径)
拥有者,拥有者
图书规格,图书规格
下线时间,下线时间
TAG,TAG
馆藏时间,馆藏时间
Android版本,Android版本
出版国家,出版国家
烹饪工艺,烹饪工艺
共享方式,共享方式
计划完成时间,计划完成时间
处理机构,处理机构
美食做法,美食做法
课本阶段,课本阶段
依赖系统,依赖系统
发照日期,发照日期
分册名,分册名
所在省州,所在省州
发行方式,发行方式
生长,生长
幅面参数,幅面参数
人员数,人员数
教育,教育
序号,序号
企业宗旨,企业宗旨
管理类别,管理类别
官方指导价,官方指导价
出土于,出土于
起源地,起源地
藏品编号,藏品编号
发行卷册,发行卷册
行政区号,行政区号
园舍建筑面积,园舍建筑面积
成立登记日期,成立登记日期
物体高度,物体高度
季节,季节
处理者,处理者
首发于,首发于
对比度,对比度
数据压缩协议,数据压缩协议
党组书记,党组书记
iTunes售价,iTunes售价
初登场,初登场
写作进度,写作进度
参加比赛,参加比赛
设计理念,设计理念
上级单位,上级单位
公布年度,公布年度
撤销时间,撤销时间
水平分辨率,水平分辨率
部门职责,部门职责
职业环境,职业环境
盖径,盖径
播种期,播种期
文字,文字
发生时间,发生时间
名字由来,名字由来
最大内存,最大内存
信噪比,信噪比
处理器核心,处理器核心
设计制作,设计制作
国际标准号,国际标准号
玉质,玉质
适用范围,适用范围
经销者,经销者
组合成员,组合成员
工作方式,工作方式
Qos支持,Qos支持
图书开本,图书开本
内核,内核
粉丝名,粉丝名
游戏画面,游戏画面
出场回目,出场回目
出版发行,出版发行
参战方,参战方
"作者天路公考专家团队 编""","作者天路公考专家团队 编"""
生活时期,生活时期
支持人数,支持人数
出产地,出产地
编辑部地址,编辑部地址
别号,别号
零售价,零售价
定编,定编
最高时速,最高时速
课程代码,课程代码
主持人,主持人
文物数量,文物数量
待机时间,待机时间
场上号码,场上号码
涉及学科,涉及学科
支部,支部
申请人,申请人
装备类型,装备类型
集者,集者
伤亡,伤亡
生活习性,生活习性
可再生,可再生
国内分布,国内分布
化学式,化学式
分子式,分子式
打印模式,打印模式
经济行业,经济行业
进气方式,进气方式
果长,果长
上部,上部
作品作者,作品作者
餐馆类型,餐馆类型
LSBN,LSBN
其他责任者,其他责任者
描写季节,描写季节
输出功率,输出功率
出口方,出口方
装置,装置
藏馆,藏馆
制作原料,制作原料
平台资源号,平台资源号
cpu系列,cpu系列
优惠活动,优惠活动
职能室,职能室
人物设计,人物设计
MV导演,MV导演
"J.""","J."""
内存架构,内存架构
并列题名,并列题名
母带工程,母带工程
桥面宽度,桥面宽度
液晶屏尺寸,液晶屏尺寸
运营状态,运营状态
主要工艺,主要工艺
所属品牌,所属品牌
亚目,亚目
主唱/吉他,主唱/吉他
加热方式,加热方式
乘员人数,乘员人数
信息,信息
中文字数,中文字数
成绩,成绩
用脚,用脚
登场,登场
经营范围,经营范围
最大波特率,最大波特率
关键功能,关键功能
平装,平装
superf,superf
实际控制人,实际控制人
弦乐录音棚,弦乐录音棚
带宽要求,带宽要求
职工,职工
主要负责人,主要负责人
腌制时间,腌制时间
字数,字数
注意事项,注意事项
长度(mm),长度(mm)
弹夹,弹夹
适用年龄段,适用年龄段
制造人,制造人
统一书号,统一书号
总制作人,总制作人
角色设计,角色设计
水平扫描,水平扫描
适用人数,适用人数
品牌类型,品牌类型
注释解说词,注释解说词
登记编号,登记编号
CIP分类号,CIP分类号
室外环境条件,室外环境条件
标签宽度,标签宽度
头衔,头衔
生产状态,生产状态
涵盖,涵盖
容纳人数,容纳人数
竿高,竿高
职能3,职能3
热词,热词
点校,点校
人物编剧,人物编剧
工作环境温度,工作环境温度
产地分布,产地分布
发布者,发布者
职业限制,职业限制
快速类型,快速类型
招生范围,招生范围
因素,因素
总资产,总资产
内圈型号,内圈型号
功用类型,功用类型
粤语名,粤语名
作品分类,作品分类
外部传输速率,外部传输速率
中国保护等级,中国保护等级
学术带头人,学术带头人
透明,透明
适用症,适用症
四部分类,四部分类
整备质量(Kg),整备质量(Kg)
精简装,精简装
表演方式,表演方式
出版数量,出版数量
始修于,始修于
卡片属性,卡片属性
CASNo,CASNo
作品幅式,作品幅式
前轮距,前轮距
收藏地址,收藏地址
现任总编辑,现任总编辑
印刷版次,印刷版次
品级,品级
原书语种,原书语种
适合对象,适合对象
游戏容量,游戏容量
词性,词性
责任说明,责任说明
职能范围,职能范围
育成,育成
栽培技术要点,栽培技术要点
功夫,功夫
鸣谢,鸣谢
死亡人数,死亡人数
学校官网,学校官网
尺寸C,尺寸C
合作伙伴,合作伙伴
音箱系统,音箱系统
盘径,盘径
中图法分类,中图法分类
色彩,色彩
烘干容量,烘干容量
拉丁学名,拉丁学名
撰写时间,撰写时间
年级,年级
适用环境,适用环境
韵部,韵部
研发日期,研发日期
前端总线频率,前端总线频率
经营状态,经营状态
武器类型,武器类型
OD,OD
具体用途,具体用途
同义学名5,同义学名5
游戏大,游戏大
装帧形式,装帧形式
双子叶植物纲,双子叶植物纲
责任校对,责任校对
级联端口数,级联端口数
音频平台,音频平台
所属市,所属市
尺寸/体积,尺寸/体积
CPU核心数,CPU核心数
应援物,应援物
适用气源,适用气源
本书特色,本书特色
总字数,总字数
打法,打法
目中文名,目中文名
机身厚度,机身厚度
游戏销量,游戏销量
射速,射速
防抖支持,防抖支持
模式产地,模式产地
外文书名,外文书名
红枣,红枣
离去角(°),离去角(°)
读出,读出
利用,利用
插图作者,插图作者
研究内容,研究内容
准备,准备
本印时间,本印时间
产权类型,产权类型
存取速度,存取速度
3.3V输出电流,3.3V输出电流
显示屏幕,显示屏幕
异名3,异名3
人工引种栽培,人工引种栽培
饲养水温,饲养水温
案发时间,案发时间
游戏类别,游戏类别
剧本改编,剧本改编
菜谱,菜谱
伤亡人数,伤亡人数
打印幅面,打印幅面
音乐企划,音乐企划
许可数量,许可数量
话数,话数
中文图书分类,中文图书分类
鼠标操作,鼠标操作
去世年月,去世年月
车高,车高
诗歌体裁,诗歌体裁
处理器频率,处理器频率
人声编辑,人声编辑
总编,总编
结构特点,结构特点
商品尺寸,商品尺寸
最大像素(万),最大像素(万)
监督,监督
菜谱名称,菜谱名称
专职院士数,专职院士数
政策,政策
周点击,周点击
软件授权,软件授权
功率选择,功率选择
注册单位,注册单位
主产地,主产地
光盘类型,光盘类型
研制者,研制者
电子书阅览,电子书阅览
主要责任关系,主要责任关系
研制机构,研制机构
国际书号,国际书号
耗材型号,耗材型号
特约经销,特约经销
内存容量,内存容量
领导力,领导力
星级,星级
展频技术,展频技术
总点击,总点击
剧种,剧种
最大输入电流,最大输入电流
机构设置1,机构设置1
情景模式,情景模式
LED指示灯,LED指示灯
海拔高度,海拔高度
期刊级别,期刊级别
最大通话距离,最大通话距离
热效率,热效率
创立时间,创立时间
首播,首播
学校特色,学校特色
售后服务,售后服务
主要能力,主要能力
原作品,原作品
产量表现,产量表现
图案,图案
性能,性能
关卡,关卡
屏幕描述,屏幕描述
年产值,年产值
PFC类型,PFC类型
作者祖籍,作者祖籍
书籍语言,书籍语言
漫画状态,漫画状态
主要营养成分,主要营养成分
厚度(mm),厚度(mm)
软件功能,软件功能
通讯频道数量,通讯频道数量
机身特点,机身特点
学科,学科
开始,开始
专注于,专注于
烧制地点,烧制地点
重约,重约
机构数,机构数
作品体裁,作品体裁
研究制定,研究制定
屏幕参数,屏幕参数
菜品口感,菜品口感
折扣,折扣
Fans名称,Fans名称
地区类别,地区类别
代表作品,代表作品
业务范围,业务范围
博物馆等级,博物馆等级
桥面,桥面
直径长度,直径长度
相关条款,相关条款
服役,服役
版面字数,版面字数
输出电压波形,输出电压波形
触摸,触摸
加入团队,加入团队
档位调温,档位调温
申请年,申请年
zs,zs
全套数,全套数
版本类型,版本类型
组合形式,组合形式
章节数,章节数
生境,生境
同种异名,同种异名
执行,执行
是否中国特有,是否中国特有
底宽,底宽
开发团队,开发团队
主题,主题
批准日期,批准日期
标准状态,标准状态
口号,口号
重印时间,重印时间
音响类型,音响类型
制作团队,制作团队
鼠标连接方式,鼠标连接方式
歌手名称,歌手名称
支持方式,支持方式
小说改编,小说改编
硕士研究生,硕士研究生
小游戏目标,小游戏目标
离退休人员,离退休人员
资费状况,资费状况
出版人,出版人
所属运动队,所属运动队
隶属部门,隶属部门
收录内容,收录内容
内核架构,内核架构
标准类别,标准类别
母带后期处理工程师,母带后期处理工程师
南桥芯片,南桥芯片
主要原料,主要原料
拉丁科名,拉丁科名
歌曲标签,歌曲标签
节间长,节间长
子女,子女
适读人群,适读人群
服务,服务
IBSN,IBSN
正式职工,正式职工
机构性质,机构性质
车重,车重
平装ISBN,平装ISBN
回火温度,回火温度
拉丁属名,拉丁属名
相关学科,相关学科
登场回目,登场回目
主讲人,主讲人
进程名称,进程名称
在职人数,在职人数
风力档位,风力档位
矢高,矢高
评论,评论
冰箱类型,冰箱类型
温控方式,温控方式
爱人,爱人
游戏题材,游戏题材
重修时间,重修时间
作    者,作    者
物种,物种
能力要求,能力要求
孔位,孔位
其他职能,其他职能
节日活动,节日活动
起止位置,起止位置
模块,模块
第一责任说明,第一责任说明
主要职责数目,主要职责数目
硬盘容量,硬盘容量
解散时间,解散时间
网络管理,网络管理
显示屏像素,显示屏像素
专业设置,专业设置
机器尺寸,机器尺寸
平均班级人数,平均班级人数
铲斗容量,铲斗容量
种名或亚种名,种名或亚种名
专业从事,专业从事
内容,内容
音响监督,音响监督
可选颜色,可选颜色
核心代号,核心代号
制作关键,制作关键
试读年龄,试读年龄
所属水系,所属水系
首次出版,首次出版
组成部门,组成部门
水平清晰度,水平清晰度
运营单位,运营单位
载体,载体
园风,园风
关于,关于
时长,时长
正式成立,正式成立
机器型号,机器型号
色带宽度,色带宽度
领导职数,领导职数
光照,光照
价格区间,价格区间
制作步骤,制作步骤
负责,负责
摘自,摘自
录音性能,录音性能
服务宗旨,服务宗旨
站立摸高,站立摸高
遮光罩,遮光罩
所属世界,所属世界
车身高度,车身高度
结义兄弟,结义兄弟
出土地点,出土地点
填词,填词
发行周期,发行周期
捐赠人,捐赠人
初建时间,初建时间
人气指数,人气指数
行业分类,行业分类
原书名,原书名
整理者,整理者
机构名称,机构名称
内页,内页
精盐,精盐
武器物理技能,武器物理技能
开门方式,开门方式
编创,编创
测试时间,测试时间
制冷量,制冷量
录制格式,录制格式
核心工艺,核心工艺
混音工程师,混音工程师
韩文名,韩文名
全程时间,全程时间
方言,方言
开所属分类,开所属分类
高清标准,高清标准
控制接口,控制接口
MV出演,MV出演
预约/定时,预约/定时
填料,填料
作者所处时代,作者所处时代
应用类别,应用类别
出生地,出生地
出土时间及地址,出土时间及地址
剂型,剂型
主要用料,主要用料
念白,念白
款识,款识
最新版本,最新版本
引种材料,引种材料
艺术风格,艺术风格
所处时期,所处时期
对应,对应
情人,情人
"标准国际标准""","标准国际标准"""
有效像素,有效像素
产品技术,产品技术
影视,影视
zu,zu
烹调方式,烹调方式
密码,密码
有效试验宽度,有效试验宽度
形状特征,形状特征
在职人员,在职人员
彩电类型,彩电类型
商城价,商城价
能源类型,能源类型
球号,球号
车展,车展
象征,象征
MP3支持,MP3支持
字幕,字幕
建成日期,建成日期
繁殖周期,繁殖周期
最后更新,最后更新
包装规格,包装规格
信道数,信道数
栽培方式,栽培方式
事务所地址,事务所地址
食法,食法
馆藏,馆藏
引种栽培,引种栽培
油箱容积,油箱容积
主笔,主笔
主要生产,主要生产
出书机构,出书机构
工作职责,工作职责
彩页,彩页
出版语言,出版语言
接触角,接触角
最大长度,最大长度
针对,针对
工厂占地面积,工厂占地面积
性格特点,性格特点
主要服务,主要服务
洗涤功率,洗涤功率
设立单位,设立单位
延伸率,延伸率
进程,进程
授权公告号,授权公告号
题名、责任者附注,题名、责任者附注
"S.""","S."""
歌曲名,歌曲名
作品材质,作品材质
书籍状态,书籍状态
单位类别,单位类别
局领导,局领导
镜头描述,镜头描述
机台重量,机台重量
屏幕像素,屏幕像素
歌曲时长,歌曲时长
套装电池数量,套装电池数量
输入类型,输入类型
首页复印时间,首页复印时间
使用人群,使用人群
利用部位,利用部位
处理器名称,处理器名称
三级分类,三级分类
是否套装,是否套装
曾效力于,曾效力于
适用肤质,适用肤质
操作策略,操作策略
作物种类,作物种类
警惕程度,警惕程度
主频,主频
师妹,师妹
创办于,创办于
图书状态,图书状态
所在区县,所在区县
研磨技术,研磨技术
主管机构,主管机构
10位ISBN,10位ISBN
计划编号,计划编号
排气量,排气量
师父,师父
物理攻击力,物理攻击力
色带性能,色带性能
水溶性,水溶性
惯用脚,惯用脚
外观颜色,外观颜色
单位类型,单位类型
主要适用症,主要适用症
火候,火候
作者作品,作者作品
具体型号,具体型号
同义学名6,同义学名6
音频性能,音频性能
职工数,职工数
属名信息,属名信息
代表法人,代表法人
涉及机构,涉及机构
接口标准,接口标准
企业愿景,企业愿景
伤亡情况,伤亡情况
SU,SU
最高转数,最高转数
繁体名,繁体名
只要职责,只要职责
行政类别,行政类别
应援色,应援色
屏幕宽高比例,屏幕宽高比例
授权方,授权方
演唱者,演唱者
规格尺寸(cm),规格尺寸(cm)
车型,车型
简介,简介
文章进度,文章进度
cpu系列号,cpu系列号
游戏言语,游戏言语
总页数,总页数
邮政编码,邮政编码
出版状态,出版状态
动负荷,动负荷
发行方,发行方
参评时间,参评时间
基本操作,基本操作
连载时间,连载时间
男主,男主
绝技,绝技
线程数,线程数
容量,容量
适用人群,适用人群
門派,門派
待机,待机
地震时间,地震时间
功耗,功耗
所属大学,所属大学
最大时速,最大时速
坐标,坐标
洗涤公斤量,洗涤公斤量
所属组织,所属组织
卷数,卷数
现任部长,现任部长
厅长,厅长
繁体,繁体
CIP核字号,CIP核字号
详细,详细
制片国家/地区,制片国家/地区
口头禅,口头禅
本印次,本印次
系列丛书,系列丛书
作者职务,作者职务
风扇描述,风扇描述
栖所生态,栖所生态
门中文名,门中文名
商品原价,商品原价
出生地点,出生地点
命名者及时间,命名者及时间
甩干脱水速度,甩干脱水速度
菜系,菜系
认证,认证
分辨率为,分辨率为
游戏难度,游戏难度
按键寿命,按键寿命
更多名称,更多名称
手机频段,手机频段
长号,长号
英文全名,英文全名
工艺,工艺
Smiles,Smiles
纲,纲
安全信息,安全信息
所属地区,所属地区
安全性描述,安全性描述
引种数量,引种数量
主要食用功效,主要食用功效
学院书记,学院书记
在职干部,在职干部
碎纸张数,碎纸张数
插图绘制,插图绘制
领导机构,领导机构
流传地区,流传地区
修建时间,修建时间
第二编,第二编
书中人物,书中人物
生长习性,生长习性
联合发行,联合发行
运行环境,运行环境
款型,款型
颁布时间,颁布时间
书籍名称,书籍名称
主要职责2,主要职责2
行政编制人数,行政编制人数
作者国家,作者国家
海拔下上限,海拔下上限
燃料形式,燃料形式
产品接口,产品接口
游戏对象,游戏对象
CIP核准号,CIP核准号
执行标准,执行标准
办学目标,办学目标
参考资料,参考资料
口宽,口宽
制冷功率,制冷功率
温度,温度
线控器,线控器
生命周期,生命周期
发布单位,发布单位
品种审定,品种审定
主要部门,主要部门
别称,别称
座右铭,座右铭
灵摆刻度,灵摆刻度
参考,参考
性味,性味
研究对象,研究对象
建筑面积,建筑面积
出土日期,出土日期
首发状态,首发状态
Cr额定动载荷,Cr额定动载荷
待机时长,待机时长
作者血型,作者血型
主要配音,主要配音
保护等级,保护等级
岛长,岛长
出版号,出版号
盟友,盟友
车道,车道
水源,水源
地理位置,地理位置
标注,标注
作品标签,作品标签
职工人数,职工人数
格式类型,格式类型
建设时间,建设时间
短信息,短信息
现藏,现藏
商品编码,商品编码
天线增益,天线增益
同事,同事
最大容量,最大容量
天线类型,天线类型
总容积,总容积
全文字数,全文字数
安全配置,安全配置
编写,编写
项目,项目
桥梁长度,桥梁长度
使用场景,使用场景
烹饪时长,烹饪时长
同伴,同伴
书籍重量,书籍重量
主要项目,主要项目
地区,地区
科目,科目
3.5英寸仓位,3.5英寸仓位
被子植物门,被子植物门
排量(升),排量(升)
上级主管部门,上级主管部门
视频播放,视频播放
开卷分类,开卷分类
售价,售价
屏幕尺寸1,屏幕尺寸1
国标号,国标号
轴距为,轴距为
发展历史,发展历史
工勤人员,工勤人员
表演者,表演者
工作频率,工作频率
液晶屏类型,液晶屏类型
图片,图片
袖口宽,袖口宽
进气形式,进气形式
可视角度,可视角度
贝司手,贝司手
收费类型,收费类型
保护功能,保护功能
外观特点,外观特点
支持频段,支持频段
营养分析,营养分析
题字,题字
无线传输速率,无线传输速率
食用,食用
张数,张数
创刊日期,创刊日期
申请日,申请日
学校面积,学校面积
精选,精选
分社,分社
水平可视角度,水平可视角度
营业期限,营业期限
收录专辑,收录专辑
属中文名,属中文名
小说进程,小说进程
形制,形制
分布范围,分布范围
食物要求,食物要求
随机附件,随机附件
做法一,做法一
适宜,适宜
板块区域,板块区域
手机外观设计,手机外观设计
资源别名,资源别名
主要风格,主要风格
作法,作法
策划推广,策划推广
内部硬盘架数,内部硬盘架数
最大负荷,最大负荷
菜谱功效,菜谱功效
所属专辑,所属专辑
上线日期,上线日期
混音母带,混音母带
资助,资助
CAS号,CAS号
版权方,版权方
ISSNOnline,ISSNOnline
最佳分辨率,最佳分辨率
机构数量,机构数量
附注说明,附注说明
参考年份,参考年份
选注,选注
所在区,所在区
持有人,持有人
端口类型,端口类型
始发站,始发站
第二章,第二章
op/sp,op/sp
适用对象,适用对象
企业地址,企业地址
树种,树种
猪肉,猪肉
商品,商品
内圈,内圈
适用网络,适用网络
自采地点,自采地点
主要角色,主要角色
总推荐,总推荐
实施日期,实施日期
取消,取消
复印纸规格,复印纸规格
核心数/线程,核心数/线程
工勤编制,工勤编制
形态特征,形态特征
入库时间,入库时间
菜单语言,菜单语言
词曲提供,词曲提供
职位,职位
发表论文,发表论文
页正文语种,页正文语种
小分队,小分队
创作地点,创作地点
师伯,师伯
办学层次,办学层次
转换模式,转换模式
电源性能,电源性能
游戏中文名,游戏中文名
亮度均匀值,亮度均匀值
IUCN保护级别,IUCN保护级别
单位地址,单位地址
ISO,ISO
首发,首发
省份,省份
标配硬盘容量,标配硬盘容量
终到站,终到站
文件名,文件名
搭配,搭配
上市地点,上市地点
收藏单位,收藏单位
城市,城市
树龄,树龄
下设事业单位,下设事业单位
分轨混音,分轨混音
书本重量,书本重量
球队阵容,球队阵容
按键技术,按键技术
拉丁目名,拉丁目名
如何开始,如何开始
育种人,育种人
领导分工,领导分工
食用时间,食用时间
图书重量,图书重量
临床职称,临床职称
MP3,MP3
乐队类型,乐队类型
主要职能,主要职能
料酒,料酒
车型尺寸,车型尺寸
副院长,副院长
物业管理附加信息,物业管理附加信息
打印页数,打印页数
最近更新时间,最近更新时间
扭矩,扭矩
尾长,尾长
审定,审定
解释权,解释权
接口数量,接口数量
运动员等级,运动员等级
技法,技法
法名,法名
外文名,外文名
获得,获得
制作助理,制作助理
覆盖范围,覆盖范围
系列书名,系列书名
录音功能,录音功能
装修时间,装修时间
图书卷数,图书卷数
兼容性,兼容性
无线标准,无线标准
办公室职责,办公室职责
拆除时间,拆除时间
装    帧,装    帧
Fw(内径),Fw(内径)
CPU系列型号,CPU系列型号
游戏玩法,游戏玩法
人行道宽,人行道宽
游戏主角,游戏主角
坐骑速度,坐骑速度
现任台长,现任台长
商品重量,商品重量
亚组,亚组
其他平台,其他平台
创建于,创建于
行政区类别,行政区类别
纪年,纪年
印量,印量
收录故事,收录故事
相关人物,相关人物
微机代码,微机代码
影片字幕,影片字幕
作品类别,作品类别
股室,股室
分布地,分布地
元件描述,元件描述
起源,起源
节日起源,节日起源
可传输方式,可传输方式
作曲/编曲,作曲/编曲
网络播放,网络播放
软件类别,软件类别
首句,首句
香菇,香菇
软件现价,软件现价
适应地区,适应地区
作品影响,作品影响
服务内容,服务内容
取材于,取材于
画风,画风
展馆隶属,展馆隶属
用餐人数,用餐人数
下属单位,下属单位
额定输入电压,额定输入电压
性味归经,性味归经
适宜游玩季节,适宜游玩季节
游戏开始,游戏开始
铸造时间,铸造时间
最佳饮用温度,最佳饮用温度
记录号,记录号
是否支持CommonApplication申请,是否支持CommonApplication申请
主张,主张
药性,药性
沸点,沸点
上架,上架
主跨,主跨
LCD显示屏,LCD显示屏
主要事迹,主要事迹
文学体裁,文学体裁
机构,机构
主题词,主题词
所属教派,所属教派
软件类型,软件类型
大事件,大事件
op,op
相关概念,相关概念
区试名称,区试名称
变频/定频,变频/定频
注册号,注册号
细砂糖,细砂糖
普通镜头,普通镜头
申报日期,申报日期
游戏介绍,游戏介绍
满足人数,满足人数
藏品,藏品
发照时间,发照时间
选育单位,选育单位
副所长,副所长
门派,门派
音频输入,音频输入
CIP数据核字号,CIP数据核字号
院党委书记,院党委书记
使用温度,使用温度
打印内存,打印内存
内屏参数,内屏参数
编撰单位,编撰单位
相关类群,相关类群
曲作者,曲作者
责任主编,责任主编
公司类型,公司类型
适用分级,适用分级
亚种名,亚种名
标准,标准
完好程度,完好程度
核心,核心
发布于,发布于
服务特色,服务特色
所在卷册,所在卷册
最大工作温度,最大工作温度
生长环境,生长环境
厂家报价,厂家报价
节日时间,节日时间
职业代码,职业代码
楼盘地址,楼盘地址
海拨低限,海拨低限
注册时间,注册时间
男主角,男主角
故乡,故乡
现用刊名,现用刊名
主配料,主配料
径向动态负荷,径向动态负荷
特色,特色
手机系统版本,手机系统版本
光驱种类,光驱种类
荣誉称号,荣誉称号
其它名称,其它名称
进程位置,进程位置
建筑形式,建筑形式
丛书名年,丛书名年
一般附注,一般附注
续航能力,续航能力
作者籍贯,作者籍贯
最大压力,最大压力
网站类型,网站类型
整机重量,整机重量
投影尺寸,投影尺寸
做法2,做法2
机构地点,机构地点
相关领域,相关领域
楼高,楼高
执行主编,执行主编
收藏,收藏
博士点,博士点
在职干部职工,在职干部职工
后电动车窗,后电动车窗
主子,主子
监督检查,监督检查
发起单位,发起单位
企业目标,企业目标
篇数,篇数
植物种类,植物种类
作者身份,作者身份
病毒长度,病毒长度
国家队号码,国家队号码
公称通径,公称通径
初版,初版
数字,数字
分轨,分轨
教授,教授
多功能,多功能
主讲教师,主讲教师
感光度,感光度
发行年份,发行年份
产品亮点,产品亮点
储藏方式,储藏方式
薪资分析,薪资分析
分局,分局
功能,功能
OP,OP
中图号,中图号
耳机佩戴方式,耳机佩戴方式
主要调料,主要调料
ID,ID
医院院训,医院院训
插画,插画
额定铲斗容量,额定铲斗容量
出厂时间,出厂时间
行政区,行政区
成菜特点,成菜特点
连载网站,连载网站
原词,原词
提供院校,提供院校
生产能力,生产能力
手机外型,手机外型
元素,元素
扬声器单元,扬声器单元
ROM容量,ROM容量
电流,电流
海报,海报
震级,震级
原版名称,原版名称
马力,马力
命名年代,命名年代
游戏更新,游戏更新
奖项,奖项
外口径,外口径
运营方式,运营方式
魔法防御,魔法防御
生产日期,生产日期
部门性质,部门性质
斋号,斋号
处室,处室
高度,高度
抗压强度,抗压强度
发现时间,发现时间
制造工艺,制造工艺
获得奖项,获得奖项
正版价格,正版价格
机场距离,机场距离
无故障时间,无故障时间
BASS,BASS
档位,档位
版面,版面
订阅全年,订阅全年
适用频率,适用频率
土壤亚类,土壤亚类
抗菌类型,抗菌类型
后备时间,后备时间
在职教职工,在职教职工
平均单产,平均单产
面板颜色,面板颜色
叙述,叙述
纸张容量范围,纸张容量范围
支持闪卡,支持闪卡
MAC地址表,MAC地址表
网上售价,网上售价
图书标签,图书标签
"J.作曲""","J.作曲"""
危害对象,危害对象
游戏基本信息,游戏基本信息
会训,会训
月点击,月点击
缺点,缺点
育种方法,育种方法
系统支持,系统支持
出版年,出版年
营养功效,营养功效
保修政策,保修政策
3D功能,3D功能
对焦范围,对焦范围
服役时间,服役时间
顾问,顾问
图书编号,图书编号
分子量,分子量
生产年份,生产年份
体形特征,体形特征
排水量,排水量
量程,量程
碟片数,碟片数
首次发布日期,首次发布日期
语言水平,语言水平
会员单位,会员单位
更名,更名
做法步骤,做法步骤
核心名称,核心名称
发生日期,发生日期
审定编号,审定编号
烹调方法,烹调方法
书友会书号,书友会书号
风管尺寸,风管尺寸
扇叶直径,扇叶直径
所属宗教,所属宗教
白平衡,白平衡
适用温度,适用温度
外观材质,外观材质
日文名称,日文名称
物业地址,物业地址
介质厚度,介质厚度
液晶屏,液晶屏
耐久,耐久
适宜种植地区,适宜种植地区
装备等级,装备等级
学生总数,学生总数
团购优惠价,团购优惠价
深度,深度
图像特点,图像特点
元件像素,元件像素
总有效容积,总有效容积
轻巧机身,轻巧机身
定名人及年代,定名人及年代
能力,能力
产品功能,产品功能
朋友,朋友
纸质,纸质
扬程,扬程
现任主教练,现任主教练
影片时长,影片时长
发行代码,发行代码
作者单位,作者单位
挂靠,挂靠
教学形式,教学形式
章节,章节
浏览量,浏览量
生育期,生育期
推出年份,推出年份
核定编制,核定编制
中文字幕,中文字幕
原产,原产
出版著作,出版著作
年龄分级,年龄分级
芯片方案,芯片方案
16开,16开
机形特点,机形特点
其他参数,其他参数
相关法律,相关法律
口径长度,口径长度
屈服点,屈服点
口长,口长
屏幕分辨率,屏幕分辨率
排量,排量
来源出处,来源出处
景点类型,景点类型
转矩,转矩
构造,构造
政治面貌,政治面貌
干支,干支
国家保护级别,国家保护级别
讲座地点,讲座地点
描写景色,描写景色
报备时间,报备时间
主相机,主相机
换弹速度,换弹速度
总长度,总长度
所属职业,所属职业
方法,方法
视力,视力
图书分类号,图书分类号
英寸,英寸
显示颜色,显示颜色
镜头定位,镜头定位
最大介质尺寸,最大介质尺寸
尘杯容量,尘杯容量
所在地,所在地
内胆,内胆
最大传输距离,最大传输距离
A&R,A&R
运动项目,运动项目
攻击,攻击
尺寸型号,尺寸型号
学费,学费
游戏目的,游戏目的
死亡日期,死亡日期
母带处理,母带处理
著者,著者
第一条,第一条
内文,内文
合并,合并
网游状态,网游状态
ISBN号,ISBN号
所属院校,所属院校
音量输出功率,音量输出功率
登场时间,登场时间
固件版本,固件版本
星号,星号
涉及内容,涉及内容
难养度,难养度
产品版次,产品版次
产品容量,产品容量
内设机构职责,内设机构职责
植物原型,植物原型
经营方针,经营方针
示例,示例
菜谱难度,菜谱难度
分辩率,分辩率
体制,体制
负责区域,负责区域
最大速度,最大速度
产品状态,产品状态
碎纸对象,碎纸对象
种质资源名称,种质资源名称
运载火箭,运载火箭
内设职能科室,内设职能科室
骑术等级,骑术等级
MTBF,MTBF
制作提示,制作提示
所需等级,所需等级
首播频道,首播频道
办公驻地,办公驻地
事件背景,事件背景
拉丁文名,拉丁文名
道具类别,道具类别
出版单位,出版单位
日文名,日文名
师资,师资
园长寄语,园长寄语
洗涤公斤范围,洗涤公斤范围
软件分类,软件分类
处理器系,处理器系
作品类型,作品类型
发源地,发源地
培育人,培育人
伤害速度,伤害速度
页数和开本,页数和开本
免费开放,免费开放
仇人,仇人
现任总编,现任总编
所属俱乐部,所属俱乐部
上架建议,上架建议
支持系统,支持系统
控温方式,控温方式
CPU插槽数,CPU插槽数
注释,注释
印刷单位,印刷单位
采集加工,采集加工
编导,编导
社会组织类型,社会组织类型
轴承用途,轴承用途
省市,省市
作者国籍,作者国籍
首次出版时间,首次出版时间
吸尘能力,吸尘能力
原称,原称
企业精神,企业精神
传感器描述,传感器描述
协同,协同
文章分类,文章分类
使用等级,使用等级
通关时间,通关时间
硬盘容,硬盘容
核心数量,核心数量
热量,热量
指导老师,指导老师
邮发代号,邮发代号
事件3,事件3
攻击速度,攻击速度
绰号,绰号
画师,画师
最大功率,最大功率
游戏分类,游戏分类
主桥长度,主桥长度
烹调类别,烹调类别
小说书号,小说书号
线控类别,线控类别
平均全生育期,平均全生育期
职务,职务
监测,监测
幅径,幅径
统一书,统一书
文件字号,文件字号
寄主,寄主
中图法二级分类,中图法二级分类
图书内容,图书内容
地图类型,地图类型
岩石密度,岩石密度
平均株高,平均株高
化学成分,化学成分
软驱描述,软驱描述
生产,生产
ogenus,ogenus
事件原因,事件原因
索书号,索书号
每集长度(分钟),每集长度(分钟)
轴承质量(kg),轴承质量(kg)
碗高,碗高
起点,起点
扭力,扭力
鼠标类别,鼠标类别
擅长,擅长
生境分布,生境分布
内置振动,内置振动
工作部门,工作部门
世界杯经历,世界杯经历
震发时间,震发时间
主办单位,主办单位
优惠价,优惠价
颁证单位,颁证单位
高度(mm),高度(mm)
适合年龄群,适合年龄群
连拍速度,连拍速度
游戏状态,游戏状态
核心/线程数,核心/线程数
中文目名,中文目名
理论射速,理论射速
设备类型,设备类型
作者性别,作者性别
食性,食性
现任校长,现任校长
消毒方式,消毒方式
下摆宽,下摆宽
词数,词数
授课平台,授课平台
输出电压范围,输出电压范围
师承,师承
性能特点,性能特点
上架日期,上架日期
引用日期,引用日期
通过,通过
难易度,难易度
内涵,内涵
毒性,毒性
标称光亮度,标称光亮度
特征,特征
包装数量,包装数量
核心类型,核心类型
同类畅销书,同类畅销书
会长,会长
前型/级,前型/级
网站名称,网站名称
整车质保,整车质保
依托,依托
株幅,株幅
成员,成员
授权级别,授权级别
药材基源,药材基源
开纸张,开纸张
员工人数,员工人数
原料,原料
精准,精准
做法,做法
逝世地点,逝世地点
文件号,文件号
标准分类,标准分类
展示地点,展示地点
开数,开数
Si,Si
始创作时间,始创作时间
星座,星座
支持频率,支持频率
文学题材,文学题材
唢呐,唢呐
栖地,栖地
成书年代,成书年代
单位名称,单位名称
主办方,主办方
参考酒精度,参考酒精度
功率(W),功率(W)
阳光,阳光
比例,比例
温度范围,温度范围
策划统筹,策划统筹
手动操作,手动操作
剃须系统,剃须系统
料理功能,料理功能
认定时间,认定时间
停车位,停车位
CN危险货物编号,CN危险货物编号
在线播放平台,在线播放平台
记录整理,记录整理
发布地点,发布地点
应用场所,应用场所
章回目录,章回目录
笔记本重量,笔记本重量
出品单位,出品单位
函册,函册
标准书号,标准书号
粤语音译名,粤语音译名
产品认证,产品认证
前电动车窗,前电动车窗
状态,状态
所属行业,所属行业
期数,期数
数码变焦,数码变焦
产品功效,产品功效
品牌定位,品牌定位
青椒,青椒
开展教育活动,开展教育活动
遗产类别,遗产类别
审阅,审阅
电热水器容积,电热水器容积
缘由,缘由
效力联赛,效力联赛
主要品种,主要品种
收藏者,收藏者
总重量,总重量
桥梁全长,桥梁全长
制作材料,制作材料
天线,天线
碎纸方式,碎纸方式
对焦方式,对焦方式
编制人数,编制人数
生长地,生长地
实用平台,实用平台
停刊时间,停刊时间
亲本,亲本
页数,页数
内存容,内存容
现有教师,现有教师
第三部,第三部
所属省市,所属省市
稀有度,稀有度
支持硬盘类型,支持硬盘类型
软件简介,软件简介
常见症状,常见症状
Rap词,Rap词
普通话版,普通话版
行政科室,行政科室
附注,附注
字数(千),字数(千)
音箱尺寸,音箱尺寸
平台,平台
邮政区码,邮政区码
调料2,调料2
GSM,GSM
灯泡功率,灯泡功率
制片成本,制片成本
发动机型式,发动机型式
校舍面积,校舍面积
界,界
口径,口径
所属位置,所属位置
作物类型,作物类型
清晰度,清晰度
双面功能,双面功能
反映,反映
适用于,适用于
总动画监督,总动画监督
业务分类,业务分类
联系地址,联系地址
花果期,花果期
上市年份,上市年份
雕刻时间,雕刻时间
体宽,体宽
所属栏目,所属栏目
精度等级,精度等级
硒鼓寿命,硒鼓寿命
尺寸参数,尺寸参数
幼儿人数,幼儿人数
场景功能,场景功能
申请公告号,申请公告号
中图分类,中图分类
制作公司&OP,制作公司&OP
散热片,散热片
刊名,刊名
玉料,玉料
格式,格式
"B.""","B."""
宣传统筹,宣传统筹
再版ISBN,再版ISBN
图象分辨率,图象分辨率
imdb编码,imdb编码
耗电量,耗电量
超科,超科
制谱,制谱
人数,人数
环境分布,环境分布
功率,功率
年销售额,年销售额
宫调,宫调
持久,持久
企业价值观,企业价值观
盘容量,盘容量
游戏主题,游戏主题
作者2,作者2
音频编辑,音频编辑
濒危等级,濒危等级
产品转速,产品转速
排放标准,排放标准
制冷能力,制冷能力
应用语言,应用语言
土壤,土壤
物理攻击,物理攻击
百公里加速,百公里加速
播出时间,播出时间
主营业务,主营业务
选育年份,选育年份
师资力量,师资力量
作者1,作者1
冷却时间,冷却时间
封装,封装
合并时间,合并时间
首页输出时间,首页输出时间
原料3,原料3
ISBM,ISBM
学校等级,学校等级
供电方式,供电方式
旨在,旨在
归属,归属
驱动方式,驱动方式
热流量左,热流量左
宣传策划,宣传策划
显像管特性,显像管特性
外径,外径
产品品类,产品品类
作者地区,作者地区
出生日期,出生日期
T(厚度),T(厚度)
威胁级别,威胁级别
目录,目录
对焦点数,对焦点数
控制方式,控制方式
所有责任者,所有责任者
在校本科生,在校本科生
第一卷,第一卷
广告软件,广告软件
质保,质保
国内刊号,国内刊号
题材类别,题材类别
快门速度,快门速度
环境参数,环境参数
建筑类型,建筑类型
处理器型号,处理器型号
曲牌,曲牌
企业使命,企业使命
全年开放天数,全年开放天数
安卓版本,安卓版本
册书,册书
所属集团,所属集团
拓片制作年代,拓片制作年代
硬度,硬度
中文门名,中文门名
配图,配图
应用版本,应用版本
卡片密码,卡片密码
厚度T,厚度T
包装尺寸,包装尺寸
科室数量,科室数量
分级,分级
重量(Kg),重量(Kg)
尺幅,尺幅
电子书价格,电子书价格
戏种,戏种
前度效力球队,前度效力球队
专业代码,专业代码
园长,园长
制作流程,制作流程
最高传输速率,最高传输速率
特约策划,特约策划
场馆,场馆
游戏关键字,游戏关键字
记录时间,记录时间
包装形式,包装形式
教师人数,教师人数
输入盒容量,输入盒容量
扩展接口,扩展接口
又作,又作
印次,印次
现名,现名
展品类别,展品类别
轨道交通,轨道交通
作品题材,作品题材
下载次数,下载次数
内容涵盖,内容涵盖
创作年代,创作年代
定名人,定名人
合同到期,合同到期
批复文号,批复文号
腹径,腹径
所属学校,所属学校
厂牌,厂牌
首发时间,首发时间
ROM名称,ROM名称
工作内容,工作内容
最大加速度,最大加速度
CN,CN
作者别名,作者别名
绘者,绘者
安卓游戏类型,安卓游戏类型
禁忌,禁忌
魔法攻击力,魔法攻击力
菜类,菜类
曾任职务,曾任职务
全称,全称
套装数量,套装数量
所属的种或属,所属的种或属
基本信息,基本信息
厚度B,厚度B
会员数量,会员数量
性情,性情
频率响应范围,频率响应范围
录音混缩,录音混缩
党组书记、局长,党组书记、局长
所属游戏,所属游戏
团体会员,团体会员
主要管理,主要管理
专职教师,专职教师
事件起因,事件起因
光学分辨率,光学分辨率
像素,像素
第一章,第一章
唱片类型,唱片类型
生长于,生长于
数据速率,数据速率
软件性质,软件性质
杂志重量,杂志重量
申请者,申请者
在职员工,在职员工
市场,市场
任务,任务
实力,实力
座位数(个),座位数(个)
大桥全长,大桥全长
Mn,Mn
花期,花期
拉丁亚种,拉丁亚种
歌曲作曲,歌曲作曲
语言说明,语言说明
设置时间,设置时间
总点击数,总点击数
原始价格,原始价格
轴承类型,轴承类型
授权公告日,授权公告日
纳税人识别号,纳税人识别号
专辑名,专辑名
原产地,原产地
第一步骤,第一步骤
静态负荷C0r,静态负荷C0r
耳机类型,耳机类型
使用方式,使用方式
刻录机类型,刻录机类型
出现,出现
主要内容包括,主要内容包括
便携,便携
辑数,辑数
主要用途,主要用途
管理体系,管理体系
机箱样式,机箱样式
栽培,栽培
项目经理,项目经理
好友,好友
团体编号,团体编号
产品功耗,产品功耗
合音编写,合音编写
成立地点,成立地点
专辑类别,专辑类别
观测地点,观测地点
设立年份,设立年份
TIMKEN,TIMKEN
出土,出土
考试时间,考试时间
附加,附加
印装,印装
主题壁纸类型,主题壁纸类型
特殊洗,特殊洗
球员身价,球员身价
章节数量,章节数量
主要特点,主要特点
国际标准书号ISBN,国际标准书号ISBN
多人支持,多人支持
功能模块,功能模块
学校级别,学校级别
现任会长,现任会长
全套枚数,全套枚数
流量,流量
操作压力,操作压力
适合年龄段,适合年龄段
化学名,化学名
网络频率,网络频率
干部职工,干部职工
处理器主频,处理器主频
套数,套数
风扇类型,风扇类型
特征特性,特征特性
基本特点,基本特点
生产企业,生产企业
形态描述,形态描述
焦距范围,焦距范围
商业区域,商业区域
规划,规划
载弹,载弹
体色,体色
绘画作者,绘画作者
作品规格,作品规格
包含,包含
机构编制,机构编制
音乐节奏,音乐节奏
发售时间,发售时间
影片类型,影片类型
主要性能,主要性能
续航时间,续航时间
场中位置,场中位置
生长类型,生长类型
机芯类型,机芯类型
全长,全长
亩产,亩产
编辑单位,编辑单位
社址,社址
使命,使命
口味特点,口味特点
内容一,内容一
葡萄酒种类,葡萄酒种类
商品特性,商品特性
游戏属性,游戏属性
建造者,建造者
启动方式,启动方式
职能职责,职能职责
作品大类,作品大类
显示屏比率,显示屏比率
荷重元精度,荷重元精度
文物出土,文物出土
近拍距离,近拍距离
代表人物,代表人物
排气量(L),排气量(L)
合作导演,合作导演
固定方式,固定方式
居住地点,居住地点
防火墙类型,防火墙类型
好处,好处
花语,花语
课程设置,课程设置
螺母拧紧力矩,螺母拧紧力矩
丽音,丽音
老姜,老姜
从编项,从编项
数字分机,数字分机
上线时间,上线时间
通过时间,通过时间
重点学科,重点学科
总科,总科
注者,注者
教职员数,教职员数
中文短信,中文短信
最大打印,最大打印
相机有效像素,相机有效像素
音乐总监,音乐总监
OA开放访问,OA开放访问
选自,选自
法人代表,法人代表
门款式,门款式
建筑年代,建筑年代
出土时间,出土时间
产品款式,产品款式
发行时间,发行时间
类属,类属
水冷,水冷
执教球队,执教球队
第一篇,第一篇
民警,民警
味道,味道
更名时间,更名时间
命名人及年代,命名人及年代
最高车速,最高车速
中国分类,中国分类
负责方面,负责方面
游戏人数,游戏人数
机身语言,机身语言
外观样式,外观样式
主要领导,主要领导
镜头光圈,镜头光圈
游戏英文原名,游戏英文原名
年份,年份
书籍类型,书籍类型
审订,审订
书籍定价,书籍定价
游戏简介,游戏简介
屏幕颜色,屏幕颜色
像素密度,像素密度
所处朝代,所处朝代
作者生卒年,作者生卒年
主要任务,主要任务
体积,体积
元件象素(万),元件象素(万)
画面浏览,画面浏览
领导单位,领导单位
曝光时间,曝光时间
喜好,喜好
政党,政党
功能特点,功能特点
作者朝代,作者朝代
主要思想,主要思想
月推荐,月推荐
冷冻室容积,冷冻室容积
使用性,使用性
机构类别,机构类别
存档类型,存档类型
英名,英名
花色,花色
车牌代码,车牌代码
星数,星数
注册日期,注册日期
记载,记载
编文,编文
预售价,预售价
官网,官网
总册书,总册书
常住人口,常住人口
秘书长,秘书长
尺寸及重量,尺寸及重量
日照,日照
技能,技能
机体番号,机体番号
入药部分,入药部分
烹饪难度,烹饪难度
研制,研制
商品单位,商品单位
自动双面打印,自动双面打印
CIP数据核字,CIP数据核字
发售,发售
药用部位,药用部位
势力,势力
地域,地域
姐姐,姐姐
比分,比分
发文字号,发文字号
现任领导,现任领导
著译者,著译者
烹制法,烹制法
VLAN,VLAN
提要,提要
主要成员,主要成员
其他,其他
键盘接口,键盘接口
同义学名1,同义学名1
游戏特点,游戏特点
图书册数,图书册数
通知,通知
端口数,端口数
调节,调节
叶柄长,叶柄长
分类号,分类号
BIOS性能,BIOS性能
实行日期,实行日期
最大支持内存,最大支持内存
板型,板型
存储温度,存储温度
在职职工,在职职工
母带处理室,母带处理室
支持CPU颗数,支持CPU颗数
产品产地,产品产地
魔兽版本,魔兽版本
支持格式,支持格式
混音工作室,混音工作室
附带品描述,附带品描述
寄生部位,寄生部位
作曲者,作曲者
藏品尺寸,藏品尺寸
解散,解散
推荐分辨率,推荐分辨率
历史背景,历史背景
所属企业,所属企业
中级职称,中级职称
产自,产自
正文语种,正文语种
校舍建筑面积,校舍建筑面积
容量描述,容量描述
特别鸣谢,特别鸣谢
案发时期,案发时期
国际标准统一书号,国际标准统一书号
煮米量,煮米量
最新版,最新版
isbn,isbn
混录,混录
下级物种,下级物种
ICS,ICS
流域面积,流域面积
长×宽×高(mm),长×宽×高(mm)
施行日期,施行日期
烹制材料,烹制材料
声乐指导,声乐指导
退役日期,退役日期
触摸屏类型,触摸屏类型
同义学名8,同义学名8
装订,装订
防御力,防御力
叶长,叶长
流经地区,流经地区
预约定时,预约定时
派出机构,派出机构
部门设置,部门设置
重庆模式种,重庆模式种
器型,器型
故事背景,故事背景
适用机型,适用机型
产品品牌,产品品牌
风速,风速
准备时间,准备时间
中文拼音,中文拼音
藏品名称,藏品名称
途径,途径
相对密度,相对密度
人口数量,人口数量
成型周期,成型周期
创立,创立
在校生人数,在校生人数
事发地点,事发地点
生存环境,生存环境
医院类别,医院类别
陵墓,陵墓
支持语言,支持语言
长x宽x高,长x宽x高
测量范围,测量范围
规模,规模
cip核字号,cip核字号
首演地点,首演地点
数据核字,数据核字
其它题名,其它题名
年龄限制,年龄限制
作者,作者
环境温度,环境温度
未婚妻,未婚妻
球员号码,球员号码
负责内容,负责内容
领导介绍,领导介绍
换能原理,换能原理
次子,次子
修为,修为
扮演者,扮演者
剧情类别,剧情类别
代表,代表
原籍,原籍
内设股室,内设股室
网页月点击量,网页月点击量
营养成份,营养成份
研究成果,研究成果
学位/学历,学位/学历
总线频率,总线频率
例子,例子
展翅宽,展翅宽
出生城市,出生城市
文物级别,文物级别
键盘性能,键盘性能
语言类别,语言类别
播放时间,播放时间
桥面宽,桥面宽
卡牌类型,卡牌类型
发布时间,发布时间
主角,主角
传输距离,传输距离
一级缓存,一级缓存
供电时间,供电时间
母带工作室,母带工作室
执业状态,执业状态
责任人,责任人
资源分类编码,资源分类编码
品牌名称,品牌名称
装备评分(GS),装备评分(GS)
处理器型,处理器型
装帖,装帖
线长,线长
后台进程,后台进程
危害,危害
计划投拍时间,计划投拍时间
教育活动,教育活动
墨盒适用,墨盒适用
部分,部分
网络模式,网络模式
发现国家,发现国家
作品积分,作品积分
人员编制,人员编制
销售状态,销售状态
一次,一次
基本功能,基本功能
上场位置,上场位置
记录容量,记录容量
策划,策划
梵语,梵语
社团地址,社团地址
叶柄,叶柄
本版印次,本版印次
稳定,稳定
Cr,Cr
总编辑,总编辑
轴向Cr,轴向Cr
内测时间,内测时间
家乡,家乡
武器类别,武器类别
物业办公地点,物业办公地点
联合企划,联合企划
图书作者,图书作者
适用角色,适用角色
代表剧目,代表剧目
价钱,价钱
长×宽×高,长×宽×高
"作者四特教育系列丛书》编委会 庄文中""","作者四特教育系列丛书》编委会 庄文中"""
原唱,原唱
纳税人,纳税人
烟灶套餐类型,烟灶套餐类型
脱水功率,脱水功率
外文全名,外文全名
imdb编号,imdb编号
主要业务,主要业务
车门数,车门数
所属系列,所属系列
建造时间,建造时间
TAC,TAC
基本规格,基本规格
作品名称,作品名称
指导,指导
育种者,育种者
三围尺寸,三围尺寸
所属洲,所属洲
实际焦距,实际焦距
表格,表格
用途分类,用途分类
丛书编号,丛书编号
成立文号,成立文号
小说作者,小说作者
电芯容量,电芯容量
注册地址,注册地址
建议游玩时长,建议游玩时长
直接上级,直接上级
纸质书购买,纸质书购买
模式种,模式种
经济性,经济性
毛色,毛色
铭文字数,铭文字数
正文语言,正文语言
录制,录制
VPN功能,VPN功能
Program,Program
玩法,玩法
划出的职责,划出的职责
化学名称,化学名称
包含内容,包含内容
适用尺寸,适用尺寸
游戏售价,游戏售价
用法用量,用法用量
系统版本,系统版本
演唱者/演奏者,演唱者/演奏者
曝光测光,曝光测光
制定,制定
故事主角,故事主角
粉丝名称,粉丝名称
人群推荐,人群推荐
权限,权限
宠物属性,宠物属性
全桥长,全桥长
年产量,年产量
使用者,使用者
上书时间,上书时间
产地及环境,产地及环境
诗词出处,诗词出处
变型,变型
进度,进度
演唱歌手,演唱歌手
变形方式,变形方式
活动积温,活动积温
特点2,特点2
番茄,番茄
相机像素,相机像素
弹匣容弹量,弹匣容弹量
制造年代,制造年代
主审,主审
注音,注音
研究目标,研究目标
本数,本数
产品颜色,产品颜色
数量,数量
乘员,乘员
名誉主编,名誉主编
体载,体载
人物出处,人物出处
应用层级,应用层级
合作人物,合作人物
绿化率,绿化率
内设机构数目,内设机构数目
拟订,拟订
国家领袖,国家领袖
总户数,总户数
网络支持,网络支持
曲牌名,曲牌名
封装形式,封装形式
开放时间,开放时间
孩子,孩子
打印宽度(mm),打印宽度(mm)
谥号,谥号
游戏类型,游戏类型
口纵,口纵
副局长,副局长
工作要求,工作要求
手机版本,手机版本
副主编,副主编
随机系统,随机系统
版权所有,版权所有
材料2,材料2
约重,约重
连接线,连接线
类目,类目
机箱规格,机箱规格
操作时间,操作时间
基本参数,基本参数
现有员工,现有员工
脚本,脚本
超目,超目
登场日期,登场日期
战绩,战绩
做法1,做法1
总部地址,总部地址
系统需求,系统需求
下辖单位,下辖单位
当前印次,当前印次
主办,主办
ISRC码,ISRC码
车身重量,车身重量
最大打印幅面,最大打印幅面
客房总数,客房总数
现收藏于,现收藏于
效力俱乐部,效力俱乐部
第2章,第2章
分布量,分布量
频率范围,频率范围
区试代号,区试代号
编制日期,编制日期
采收时间,采收时间
流经,流经
采收,采收
更新状态,更新状态
文物旧藏,文物旧藏
阻抗,阻抗
罕贵度,罕贵度
第三条,第三条
挚爱,挚爱
写作进程,写作进程
弦乐录音师,弦乐录音师
使用对象,使用对象
尺寸体积,尺寸体积
藏品数量,藏品数量
ISBN13位,ISBN13位
教师,教师
附注信息,附注信息
视频制式,视频制式
画心规格,画心规格
丛书名,丛书名
主要作用,主要作用
总造价,总造价
入藏时间,入藏时间
光盘组成,光盘组成
[出版日期],[出版日期]
喇叭直径,喇叭直径
机柜容量,机柜容量
分类名称,分类名称
刊行册数,刊行册数
歌名,歌名
产品介绍,产品介绍
英文标准名称,英文标准名称
释义,释义
屏幕像素密度,屏幕像素密度
校长,校长
结果,结果
内桶深度,内桶深度
主要规格,主要规格
显示方式,显示方式
承办单位,承办单位
数量及单位,数量及单位
建筑类别,建筑类别
出版发行时间,出版发行时间
第1章,第1章
场景,场景
产品用途,产品用途
主要成分,主要成分
技术,技术
网游收费,网游收费
剪辑,剪辑
举办者,举办者
级别,级别
符合协议标准,符合协议标准
最高车速(km/h),最高车速(km/h)
曾任职单位,曾任职单位
房型,房型
学风,学风
株高,株高
极限转速,极限转速
首次亮相时间,首次亮相时间
亚门,亚门
工序,工序
真空度,真空度
隶属单位,隶属单位
美国,美国
获得荣誉,获得荣誉
漫画类型,漫画类型
上市,上市
适合层次,适合层次
气候/范围,气候/范围
社团,社团
所需权限,所需权限
品种认定编号,品种认定编号
归经,归经
歌迷名称,歌迷名称
开发时间,开发时间
总经理,总经理
可用空间,可用空间
线程数量,线程数量
编码,编码
时间范围,时间范围
适应平台,适应平台
制作组,制作组
适宜地区,适宜地区
组织单位,组织单位
适合读者,适合读者
丛书项,丛书项
图书尺寸,图书尺寸
国家重点学科,国家重点学科
始建日期,始建日期
笺注,笺注
创作背景,创作背景
标准座位数,标准座位数
连载进度,连载进度
书体,书体
适宜温度,适宜温度
主题关键词,主题关键词
制片国家,制片国家
螺壳尺寸,螺壳尺寸
盘片类型,盘片类型
下载平台,下载平台
食疗功效,食疗功效
吉他手,吉他手
适用层次,适用层次
直属机关,直属机关
显存带宽,显存带宽
企业简称,企业简称
洗涤容量,洗涤容量
编撰,编撰
职称,职称
制冷剂,制冷剂
ISNB,ISNB
主题/关键词,主题/关键词
亮相,亮相
建成,建成
游戏语音,游戏语音
本开,本开
协调解决,协调解决
密度,密度
涵盖功能,涵盖功能
干辣椒,干辣椒
房间类型,房间类型
封面插画,封面插画
首播日期,首播日期
指令集,指令集
厚度,厚度
输入转速,输入转速
功能用途,功能用途
媒体运营,媒体运营
最大扩展内存,最大扩展内存
录制时间,录制时间
纲名,纲名
P—ISSN,P—ISSN
香味,香味
照片,照片
操作系统版本,操作系统版本
主屏参数,主屏参数
地图作者,地图作者
活跃年份,活跃年份
施工单位,施工单位
支持内存类型,支持内存类型
编纂时间,编纂时间
阵营,阵营
针对对象,针对对象
摄像功能,摄像功能
书重,书重
在校学生人数,在校学生人数
毛重,毛重
感情,感情
所属势力,所属势力
占地总面积,占地总面积
认证情况,认证情况
养父,养父
吸水率,吸水率
轨道类型,轨道类型
墨盒数量,墨盒数量
Op,Op
电机类型,电机类型
艺名,艺名
上一年,上一年
版权拥有,版权拥有
审定(登记)编号,审定(登记)编号
攻击方式,攻击方式
实验室主任,实验室主任
作译者,作译者
俱乐部号码,俱乐部号码
省级重点学科,省级重点学科
馆藏地,馆藏地
其他译名,其他译名
选育方法,选育方法
"C.""","C."""
魔法防御力,魔法防御力
产品电流,产品电流
座椅材质,座椅材质
危险级别,危险级别
总主编,总主编
首发平台,首发平台
印发时间,印发时间
CIP,CIP
获取方式,获取方式
责任校队,责任校队
区站号,区站号
接收范围,接收范围
项目来源,项目来源
软件版本,软件版本
兴趣,兴趣
电压,电压
最大工作压力,最大工作压力
繁殖方式,繁殖方式
MV主演,MV主演
实际数量,实际数量
特性用途,特性用途
出现时间,出现时间
理论生产率,理论生产率
主要功效,主要功效
子公司,子公司
中图法一级分类,中图法一级分类
主屏幕参数,主屏幕参数
校注,校注
叶宽,叶宽
举办展览,举办展览
歌曲风格,歌曲风格
团队成员,团队成员
磷P,磷P
可堆叠性,可堆叠性
拉丁种名,拉丁种名
主要内容,主要内容
中药名,中药名
进纸容量,进纸容量
车型名称,车型名称
喜欢的人,喜欢的人
站台规模,站台规模
引种编号,引种编号
原版语言,原版语言
终到时间,终到时间
主材料,主材料
行政级别,行政级别
开课时间,开课时间
欧洲冠军联赛,欧洲冠军联赛
中文亚科,中文亚科
平均生育期,平均生育期
原料1,原料1
显示,显示
线长度,线长度
申请公告日,申请公告日
英文原名,英文原名
扬声器,扬声器
教派,教派
流行年代,流行年代
副作用,副作用
作用因子,作用因子
栖息环境,栖息环境
工作原理,工作原理
公告型号,公告型号
支持CPU个数,支持CPU个数
主场容纳,主场容纳
储存方法,储存方法
性别,性别
3G制式,3G制式
音效模式,音效模式
第1版,第1版
曾用名,曾用名
音效,音效
机构事件,机构事件
成员数量,成员数量
职责范围,职责范围
服务对象,服务对象
美术监督,美术监督
下级分类,下级分类
室外机噪音,室外机噪音
监督管理,监督管理
管理机构,管理机构
中文纲名,中文纲名
手机昵称,手机昵称
妈妈,妈妈
全程,全程
植物形态,植物形态
讲座时长,讲座时长
数据,数据
总推荐数,总推荐数
主要城市,主要城市
专注,专注
GPRS,GPRS
ROM,ROM
游戏机类型,游戏机类型
专项编制,专项编制
应用,应用
分享日期,分享日期
体长,体长
SIM卡类型,SIM卡类型
果实发育期,果实发育期
核心型号,核心型号
相关专业,相关专业
建成通车,建成通车
总投资额,总投资额
市场价格,市场价格
丛书信息,丛书信息
创建人,创建人
统一标准书号,统一标准书号
产品外形,产品外形
主场馆,主场馆
建站时间,建站时间
脱水速度,脱水速度
空调类别,空调类别
保存方式,保存方式
大小,大小
亚运会报名项目,亚运会报名项目
缓冲区,缓冲区
核心频率,核心频率
公司总部,公司总部
五花肉,五花肉
扫描速度,扫描速度
分布于,分布于
所在丛书,所在丛书
所属政党,所属政党
第1次印刷,第1次印刷
物镜口径,物镜口径
收费方式,收费方式
党组成员,党组成员
州省,州省
所属运动,所属运动
版印次,版印次
所属剧种,所属剧种
操作模式,操作模式
同义学名2,同义学名2
武功,武功
年营业额,年营业额
俗称,俗称
第一部,第一部
重要藏品,重要藏品
良种编号,良种编号
活动场地,活动场地
5.25英寸仓位,5.25英寸仓位
CPU型号I,CPU型号I
包装,包装
女主角,女主角
美工,美工
作者职称,作者职称
能否关闭,能否关闭
范围,范围
成立时期,成立时期
种权人,种权人
弹重,弹重
写作状态,写作状态
开播日期,开播日期
提供方式,提供方式
车身结构,车身结构
混音师,混音师
开始方式,开始方式
研究方向,研究方向
核心位宽,核心位宽
地震地点,地震地点
[出版社],[出版社]
匹数,匹数
工作电压,工作电压
出道日期,出道日期
地理分布,地理分布
开发者,开发者
质保时效,质保时效
监修,监修
峰值扭矩,峰值扭矩
编制人员,编制人员
滚轮方向,滚轮方向
主营项目,主营项目
党总支书记,党总支书记
现任职务,现任职务
数码相机类型,数码相机类型
总部地点,总部地点
同学,同学
短信功能,短信功能
配唱录音室,配唱录音室
现有教职工,现有教职工
党委副书记,党委副书记
混音棚,混音棚
成员人数,成员人数
最大加热功率,最大加热功率
产品定位,产品定位
制版,制版
产品阻抗,产品阻抗
单位地点,单位地点
系统要求,系统要求
考试性质,考试性质
营业时间,营业时间
旗下品牌,旗下品牌
测试情况,测试情况
传感器类型,传感器类型
存储湿度,存储湿度
活动内容,活动内容
气缸排列形式,气缸排列形式
公司发展,公司发展
接口数目,接口数目
主桥全长,主桥全长
整机尺寸,整机尺寸
称号,称号
总时长,总时长
特约编辑,特约编辑
小说进度,小说进度
容积大小,容积大小
动态分辨率,动态分辨率
放置方式,放置方式
焦距,焦距
纬度,纬度
书代号,书代号
光盘,光盘
气候条件,气候条件
时代产地,时代产地
颜色类型,颜色类型
通信地址,通信地址
拉丁植物动物矿物名,拉丁植物动物矿物名
就职院校,就职院校
编纂人员,编纂人员
毕业院校,毕业院校
文学载体,文学载体
油润滑,油润滑
题材,题材
卡牌版本,卡牌版本
审定(登记)年份,审定(登记)年份
种中文名,种中文名
所属公安局,所属公安局
产品名称,产品名称
发证时间,发证时间
色温,色温
保存资源类型,保存资源类型
力量,力量
盘片数量,盘片数量
操作说明,操作说明
总定价,总定价
拓片描述,拓片描述
JAN代码,JAN代码
节日饮食,节日饮食
指挥官,指挥官
连接方式,连接方式
版本信息,版本信息
主纹,主纹
径向Cr,径向Cr
厂区占地面积,厂区占地面积
时间出版,时间出版
分布地区,分布地区
前身,前身
拉丁纲名,拉丁纲名
打印时间,打印时间
主营产品,主营产品
统筹策划,统筹策划
保护级别,保护级别
扩展卡,扩展卡
网卡描述,网卡描述
电源功率,电源功率
适应范围,适应范围
印刷,印刷
最大适用面积,最大适用面积
游戏角色,游戏角色
执行策划,执行策划
[型号],[型号]
灌装精度,灌装精度
纹饰,纹饰
珍贵文物,珍贵文物
初次配备,初次配备
机身尺寸,机身尺寸
稀罕度,稀罕度
整理人,整理人
发布文号,发布文号
水位,水位
速度等级,速度等级
寻道时间,寻道时间
研究人员,研究人员
发车时间,发车时间
机构概况,机构概况
国别,国别
登记证号,登记证号
系统DLL文件,系统DLL文件
对应美国牌号,对应美国牌号
采集期,采集期
连载,连载
推广统筹,推广统筹
装帧方式,装帧方式
作曲,作曲
居住地,居住地
名丛书,名丛书
联运平台,联运平台
所属朝代,所属朝代
旗下,旗下
航速,航速
植株高度,植株高度
引进时间,引进时间
游戏编号,游戏编号
组建单位,组建单位
上级机关,上级机关
提高,提高
协议,协议
r1(最小),r1(最小)
研究项目,研究项目
前身是,前身是
机芯,机芯
测量精度,测量精度
震源深度,震源深度
底长,底长
曲目数量,曲目数量
章节目录,章节目录
作品特点,作品特点
适合肤质,适合肤质
徒弟,徒弟
宗旨,宗旨
热门推荐,热门推荐
配器,配器
车宽,车宽
发现者,发现者
作品属性,作品属性
高级工程师,高级工程师
参加展览,参加展览
产品厚度,产品厚度
楼层状况,楼层状况
组建地点,组建地点
系模式种,系模式种
背板带宽,背板带宽
服务理念,服务理念
隶属关系,隶属关系
伴唱,伴唱
掌握,掌握
等级要求,等级要求
制冷方式,制冷方式
最低照度,最低照度
适用标准,适用标准
条目,条目
宽度B,宽度B
被选入,被选入
冷暖类型,冷暖类型
太空时间,太空时间
上司,上司
非遗级别,非遗级别
最新收录,最新收录
打印分辨率,打印分辨率
空调类型,空调类型
游戏地区,游戏地区
网络连载期间,网络连载期间
政府驻地,政府驻地
词曲鸣谢,词曲鸣谢
主场名称,主场名称
音频输出端口,音频输出端口
适应性,适应性
配件性能,配件性能
种属,种属
文件批号,文件批号
制订,制订
公司业务,公司业务
馆藏文物,馆藏文物
平均产量,平均产量
收藏机构,收藏机构
投影距离,投影距离
用时,用时
号码,号码
伸长率,伸长率
运营线路,运营线路
检察长,检察长
职业等级,职业等级
超族,超族
商家报价,商家报价
主管内容,主管内容
在岗人员,在岗人员
最高点,最高点
企业法人,企业法人
父本,父本
教风,教风
法语,法语
律师事务所主任,律师事务所主任
外观尺寸,外观尺寸
芯片系列,芯片系列
音箱个数,音箱个数
模式标本,模式标本
处理器接口,处理器接口
做法难度,做法难度
审(鉴)定编号,审(鉴)定编号
日本出道日期,日本出道日期
游戏星级,游戏星级
压缩格式,压缩格式
文章状态,文章状态
母带工程师,母带工程师
下属机构1,下属机构1
出厂状态,出厂状态
出版物号,出版物号
版别,版别
HLB值,HLB值
高级教师,高级教师
现任主编,现任主编
发布平台,发布平台
时间设定,时间设定
油箱容积(L),油箱容积(L)
组织类型,组织类型
图书类别,图书类别
图书名,图书名
市场参考价,市场参考价
作品注释,作品注释
防抖性能,防抖性能
产品标准号,产品标准号
合者,合者
节日类型,节日类型
AP课程,AP课程
绝招,绝招
颜色等级,颜色等级
管理区域,管理区域
陷阱种类,陷阱种类
震中经纬度,震中经纬度
机构建制,机构建制
产品电压,产品电压
设立机构,设立机构
包装方式,包装方式
3G网络,3G网络
公司全称,公司全称
姓名,姓名
产地名称,产地名称
所属战争,所属战争
屏幕亮度,屏幕亮度
领导班子,领导班子
词条类型,词条类型
使用条件,使用条件
输入功率,输入功率
联赛等级,联赛等级
辞典功能,辞典功能
主要经营,主要经营
分区,分区
班次,班次
只手,只手
最大像素,最大像素
推广,推广
标准号Standa,标准号Standa
弟子,弟子
制作发行,制作发行
签约平台,签约平台
车身参数,车身参数
目前状况,目前状况
公开范围,公开范围
主管范围,主管范围
户外面积,户外面积
燃油标号(#),燃油标号(#)
研究员,研究员
证券代码,证券代码
ISBN10位,ISBN10位
打印宽度,打印宽度
和声配唱,和声配唱
轮距,轮距
制作出品,制作出品
食品特点,食品特点
房型介绍,房型介绍
地理区域,地理区域
弹夹容量,弹夹容量
中心,中心
单机磁盘数量,单机磁盘数量
概述,概述
调教,调教
作物品种,作物品种
大队长,大队长
阅读人群,阅读人群
区号,区号
海拨下限,海拨下限
国际标准刊号ISBN,国际标准刊号ISBN
习惯分类,习惯分类
作者信息,作者信息
等效焦距,等效焦距
饲养难度,饲养难度
文物类型,文物类型
玩残程度,玩残程度
所属菜系,所属菜系
外型尺寸,外型尺寸
使用燃气种类,使用燃气种类
离地间隙,离地间隙
作词人,作词人
系别,系别
所属,所属
上市时间,上市时间
物种代码,物种代码
发起人,发起人
命名单位,命名单位
前言,前言
设立日期,设立日期
音乐统筹,音乐统筹
住宿费,住宿费
光学参数,光学参数
封面形式,封面形式
种植区域,种植区域
密封形式,密封形式
主要人物,主要人物
外长,外长
中文全名,中文全名
最近章节,最近章节
所属公演,所属公演
游戏方式,游戏方式
完成时间,完成时间
开售时间,开售时间
字数约,字数约
试验时间,试验时间
拼音题名,拼音题名
教育背景,教育背景
全诗字数,全诗字数
子嗣,子嗣
身份,身份
页面,页面
插槽类型,插槽类型
研究范围,研究范围
SN,SN
所属英雄,所属英雄
建立时间,建立时间
味型,味型
直属单位,直属单位
下纲,下纲
包装说明,包装说明
繁殖方法,繁殖方法
干警,干警
传动比,传动比
曲风,曲风
小说主角,小说主角
封面,封面
系列名称,系列名称
在位时间,在位时间
单果重,单果重
火车站距离,火车站距离
梁山位次,梁山位次
发生时期,发生时期
曾经效力球队,曾经效力球队
佩戴方式,佩戴方式
果实性状,果实性状
登场作品,登场作品
主要作品,主要作品
正式开馆时间,正式开馆时间
情节分类,情节分类
色彩类型,色彩类型
本周被阅读数,本周被阅读数
排量(mL),排量(mL)
联网,联网
内置照明灯,内置照明灯
书末附,书末附
学校排名,学校排名
生存地点,生存地点
建议贮藏条件,建议贮藏条件
表面,表面
处理能力,处理能力
职能部门,职能部门
玩家人数,玩家人数
惯用手,惯用手
耗水量,耗水量
根长,根长
产品尺寸重量,产品尺寸重量
学校性质,学校性质
驻站日期,驻站日期
始建年代,始建年代
扉页题字,扉页题字
其他介绍,其他介绍
解说,解说
次型/级,次型/级
智力,智力
追封,追封
应用领域,应用领域
建馆时间,建馆时间
演员,演员
核心/线程,核心/线程
所属分类,所属分类
然后开始,然后开始
游戏规则,游戏规则
举行时间,举行时间
教职工人数,教职工人数
产品款数,产品款数
课程目标,课程目标
刊号,刊号
致力,致力
适用平台,适用平台
宠物星级,宠物星级
开办资金,开办资金
指纹识别,指纹识别
恋人,恋人
读者定位,读者定位
ISBN号码,ISBN号码
著作者,著作者
小说类别,小说类别
感光元件尺寸,感光元件尺寸
发掘地点,发掘地点
连续复印,连续复印
图书馆分类,图书馆分类
司职位置,司职位置
人声录音室,人声录音室
作者英文名,作者英文名
定价,定价
游戏语种,游戏语种
显存速度,显存速度
初版发售日,初版发售日
森林公园级别,森林公园级别
审定时间,审定时间
Ew(外径),Ew(外径)
读者范围,读者范围
所有题名,所有题名
调料,调料
采集时间,采集时间
组编,组编
公园地址,公园地址
签约网站,签约网站
编辑出版,编辑出版
通过审定,通过审定
履行,履行
首领,首领
文章类型,文章类型
发布日期,发布日期
游戏名称,游戏名称
组织,组织
机身重量,机身重量
商品开本,商品开本
RoHS,RoHS
拓片版本,拓片版本
认定年月,认定年月
中图分类法,中图分类法
小区地址,小区地址
IUCN红色名录等级,IUCN红色名录等级
管理方针,管理方针
喷头配置,喷头配置
装备,装备
开闭园时间,开闭园时间
介质,介质
作品名,作品名
软件平台,软件平台
社会信用代码,社会信用代码
首开时间,首开时间
现有工作人员,现有工作人员
版式,版式
传输频率,传输频率
现效力球队,现效力球队
显示技术,显示技术
颁布部门,颁布部门
图片格式,图片格式
个人会员,个人会员
收费,收费
集成芯片,集成芯片
本书特点,本书特点
首页打印时间,首页打印时间
楼盘特色,楼盘特色
幅面,幅面
排风量,排风量
通车,通车
出版类型,出版类型
下辖地区,下辖地区
教学理念,教学理念
燃油标准,燃油标准
内部标识,内部标识
馆藏精品,馆藏精品
就业方向,就业方向
描绘事物,描绘事物
歌手籍贯,歌手籍贯
总部位置,总部位置
CPU适用类型,CPU适用类型
其它,其它
调整,调整
合著者,合著者
建园时间,建园时间
真实身份,真实身份
百公里油耗,百公里油耗
游戏特征,游戏特征
频响范围,频响范围
危害等级,危害等级
所属时期,所属时期
文字类型,文字类型
编撰人员,编撰人员
初次登场,初次登场
内存主频,内存主频
持有者,持有者
拥有,拥有
机身三围,机身三围
编纂,编纂
悬赏金,悬赏金
适用年龄,适用年龄
阅读对象,阅读对象
剧目,剧目
资源分布,资源分布
耗时,耗时
法人,法人
产品类别,产品类别
学位授予时间,学位授予时间
转动次数,转动次数
吉祥物,吉祥物
产品,产品
主要分布,主要分布
图书代码,图书代码
资产总额,资产总额
馆藏信息,馆藏信息
出现作品,出现作品
事件地点,事件地点
作者毕业学校,作者毕业学校
热设计功耗,热设计功耗
"作者天路公考专家团队""","作者天路公考专家团队"""
春节,春节
科别,科别
主孔,主孔
主要,主要
打印尺寸,打印尺寸
专辑数量,专辑数量
交换机类,交换机类
公司编号,公司编号
歌曲名称,歌曲名称
所在大洲,所在大洲
协会成立时间,协会成立时间
开通时间,开通时间
丛书题名,丛书题名
主要做法,主要做法
文案,文案
经营模式,经营模式
词条,词条
原代号,原代号
方向,方向
歌手类别,歌手类别
首演日期,首演日期
工作宗旨,工作宗旨
发明人,发明人
冰川,冰川
发行年代,发行年代
年龄,年龄
小说状态,小说状态
种子类别,种子类别
发行平台,发行平台
详细名称,详细名称
软件指数,软件指数
窑口,窑口
侄子,侄子
对手,对手
编著者,编著者
条目字数,条目字数
学院地址,学院地址
碑文,碑文
建议醒酒时间,建议醒酒时间
卡牌编号,卡牌编号
命名人及时间,命名人及时间
码数,码数
命名者,命名者
建于,建于
境界,境界
育种机构,育种机构
生卒时间,生卒时间
企划宣传,企划宣传
机构简介,机构简介
拍摄时间,拍摄时间
罕见度,罕见度
主要特征特性,主要特征特性
在线阅读,在线阅读
成交价,成交价
物理暴击率,物理暴击率
叶片宽,叶片宽
打印针数,打印针数
綽號,綽號
适宜人群,适宜人群
长径,长径
铭文,铭文
所在区域,所在区域
制作方式,制作方式
场位,场位
人物结局,人物结局
墨盒支持,墨盒支持
上市日期,上市日期
F0,F0
最大试验力,最大试验力
FM功能,FM功能
翼展,翼展
审定情况,审定情况
审译,审译
单位负责人,单位负责人
军衔,军衔
建立日期,建立日期
游戏语言,游戏语言
岩性,岩性
软件语言,软件语言
是否纳入医保,是否纳入医保
揭载号,揭载号
喜爱的食物,喜爱的食物
快充时间,快充时间
公称压力,公称压力
出品时间,出品时间
社团性质,社团性质
愿景,愿景
住宿类型,住宿类型
人声录音,人声录音
屏幕材质,屏幕材质
人物设定,人物设定
命名人、时间,命名人、时间
教学职称,教学职称
专业,专业
统筹,统筹
使用场所,使用场所
桥梁总长,桥梁总长
长*宽*高(mm),长*宽*高(mm)
食品原料,食品原料
纠错控制,纠错控制
收费形式,收费形式
收录,收录
开设专业,开设专业
主球场,主球场
浇水量,浇水量
乐队主唱,乐队主唱
类  别,类  别
使用寿命,使用寿命
职业定义,职业定义
播放性能,播放性能
经营理念,经营理念
注册地点,注册地点
出土年代,出土年代
外文名称,外文名称
门及门锁,门及门锁
硒鼓型号,硒鼓型号
法宝,法宝
管辖区域,管辖区域
点击量,点击量
营销推广,营销推广
疗效,疗效
成分,成分
携带方式,携带方式
所属模式,所属模式
形态项,形态项
就任,就任
编者,编者
环境标准,环境标准
办公机构,办公机构
气味,气味
牌数,牌数
法兰尺寸,法兰尺寸
开花时间,开花时间
蒸制时间,蒸制时间
宠物系别,宠物系别
灰阶响应时间,灰阶响应时间
带盖法兰厚度,带盖法兰厚度
引种单位,引种单位
校者,校者
镶孔奖励,镶孔奖励
后置摄像头像素,后置摄像头像素
地点,地点
发展理念,发展理念
合作单位,合作单位
年度观众总数,年度观众总数
亚类(二普),亚类(二普)
制作人,制作人
文像进字,文像进字
所属科类,所属科类
注册资本,注册资本
发售日期,发售日期
信仰,信仰
外形尺寸,外形尺寸
电池型号,电池型号
户外活动面积,户外活动面积
页数字数,页数字数
藏品级别,藏品级别
事件类型,事件类型
版本,版本
行政机构,行政机构
在编人数,在编人数
统一标识号,统一标识号
作词/作曲,作词/作曲
配角,配角
全书册数,全书册数
办学规模,办学规模
风扇数量,风扇数量
文物现状,文物现状
画面色彩,画面色彩
注册资本金,注册资本金
从事行业,从事行业
烟机安装尺寸,烟机安装尺寸
机种,机种
主要辅料,主要辅料
策划出版,策划出版
胸径,胸径
单位会员,单位会员
镜头特点,镜头特点
应用举例,应用举例
药用,药用
批准文号,批准文号
出版集团,出版集团
宠物级别,宠物级别
宽度(mm),宽度(mm)
食用鱼类,食用鱼类
下辖,下辖
枪管长,枪管长
发行地,发行地
浏览次数,浏览次数
栽培种,栽培种
研究领域,研究领域
招生对象,招生对象
排气方式,排气方式
主要奖项,主要奖项
相关人群,相关人群
强电,强电
百科编辑,百科编辑
行政,行政
命名来源,命名来源
运营商定制,运营商定制
校正,校正
文库,文库
保健功能,保健功能
社团宗旨,社团宗旨
内容提要,内容提要
通讯地址,通讯地址
应用开发,应用开发
歌曲成绩,歌曲成绩
在场位置,在场位置
产品特色,产品特色
PH值,PH值
重量(g),重量(g)
灌装速度,灌装速度
最小转弯半径,最小转弯半径
主要制法,主要制法
工信部油耗,工信部油耗
